WAST,DP,Dta,Dts,EV,QFE,QFF,QNH,RF,RH,S,SR,ST1,ST2,ST3,ST4,Sx,T
31/3/2016 9:00,14.6,175,17,0,1013.4,1016.9,1017,0,68.2,6,512,22.7,24.1,25.5,26.1,8,20.74
31/3/2016 9:10,14.6,194,22,0.1,1013.4,1016.9,1017,0,67.2,5,565,22.7,24.1,25.5,26.1,8,20.97
31/3/2016 9:20,14.8,198,30,0.1,1013.4,1016.9,1017,0,68.2,5,574,22.7,24,25.5,26.1,8,20.92
31/3/2016 9:30,15.1,215,27,0,1013.4,1016.8,1017,0,66.6,5,623,22.6,24,25.5,26.1,8,21.63
31/3/2016 9:40,15.2,183,25,0.1,1013.3,1016.7,1016.9,0,63.8,6,617,22.7,24,25.5,26.1,9,22.39
31/3/2016 9:50,15,208,22,0.1,1013.3,1016.7,1016.9,0,64.1,5,623,22.7,24,25.5,26.1,8,22.1
31/3/2016 10:00,14.6,194,23,0.1,1013.2,1016.6,1016.8,0,61.8,5,646,22.7,23.9,25.5,26.1,9,22.34
31/3/2016 10:10,14.5,196,26,0.1,1013.1,1016.5,1016.7,0,60.1,5,677,22.7,23.9,25.4,26.1,7,22.72
31/3/2016 10:20,15,199,25,0.1,1013,1016.4,1016.6,0,58.3,5,705,22.8,23.9,25.4,26.1,7,23.7
31/3/2016 10:30,14.4,207,35,0.1,1013,1016.4,1016.6,0,59.3,5,711,22.8,23.9,25.4,26.1,8,22.81
31/3/2016 10:40,14.5,188,31,0.1,1012.9,1016.3,1016.5,0,57.4,5,736,22.9,23.8,25.4,26.1,8,23.45
31/3/2016 10:50,15.2,223,33,0.1,1012.9,1016.3,1016.5,0,58.8,6,774,22.9,23.8,25.4,26.1,11,23.75
31/3/2016 11:00,14.9,231,36,0.1,1012.8,1016.2,1016.4,0,56.7,7,761,23,23.8,25.4,26.1,11,24.09
31/3/2016 11:10,14.4,238,36,0.2,1012.8,1016.2,1016.4,0,55.8,6,778,23.1,23.8,25.4,26.1,11,23.85
31/3/2016 11:20,14.6,246,30,0.1,1012.7,1016.1,1016.3,0,54.3,7,777,23.2,23.8,25.4,26.1,13,24.48
31/3/2016 11:30,13.2,231,30,0.1,1012.6,1016,1016.2,0,52.7,7,788,23.3,23.8,25.3,26.1,12,23.44
31/3/2016 11:40,13.8,242,30,0.1,1012.4,1015.8,1016,0,52.1,6,802,23.4,23.8,25.3,26.1,11,24.33
31/3/2016 11:50,13.9,235,30,0.1,1012.3,1015.7,1015.9,0,52.3,6,796,23.5,23.8,25.3,26.1,11,24.31
31/3/2016 12:00,13.8,247,29,0.2,1012.1,1015.5,1015.7,0,49,7,809,23.6,23.7,25.3,26.1,12,25.37
31/3/2016 12:10,13,242,30,0.1,1012,1015.4,1015.6,0,48.5,7,815,23.8,23.8,25.3,26.1,16,24.64
31/3/2016 12:20,12.7,234,32,0.1,1012,1015.4,1015.6,0,50.1,7,811,23.9,23.8,25.3,26.1,14,23.78
31/3/2016 12:30,13.1,235,29,0.1,1011.9,1015.3,1015.5,0,51.7,7,811,24,23.8,25.3,26.1,11,23.74
31/3/2016 12:40,12.9,234,27,0.1,1011.8,1015.2,1015.4,0,49.3,7,812,24.2,23.8,25.3,26.1,13,24.3
31/3/2016 12:50,12.5,243,36,0.2,1011.7,1015.1,1015.3,0,45.4,7,822,24.3,23.8,25.3,26.1,12,25.2
31/3/2016 13:00,13.4,229,30,0.1,1011.7,1015.1,1015.3,0,49.7,7,830,24.5,23.8,25.3,26.1,12,24.61
31/3/2016 13:10,14,235,30,0.1,1011.6,1015,1015.2,0,51.8,6,838,24.6,23.8,25.2,26.1,10,24.66
31/3/2016 13:20,14.3,235,35,0.2,1011.5,1014.9,1015.1,0,52.9,6,840,24.8,23.9,25.2,26.1,11,24.55
31/3/2016 13:30,14,230,35,0.1,1011.6,1015,1015.2,0,53.6,7,848,24.9,23.9,25.2,26.1,13,24.02
31/3/2016 13:40,14.3,313,96,0.1,1011.5,1014.9,1015.1,0,55.6,8,818,25.1,23.9,25.2,26.1,15,23.79
31/3/2016 13:50,13.9,227,31,0.1,1011.5,1014.9,1015.1,0,52.4,7,802,25.2,24,25.2,26.1,13,24.38
31/3/2016 14:00,14,237,31,0.2,1011.5,1014.9,1015.1,0,52.9,8,752,25.4,24,25.2,26.1,16,24.26
31/3/2016 14:10,12.8,225,35,0.1,1011.3,1014.7,1014.9,0,50.8,7,742,25.5,24.1,25.2,26.1,15,23.59
31/3/2016 14:20,13.4,222,32,0.1,1011.3,1014.7,1014.9,0,53.1,6,715,25.7,24.1,25.2,26.1,11,23.58
31/3/2016 14:30,13.1,217,32,0.1,1011.3,1014.7,1014.9,0,52.7,7,708,25.8,24.1,25.2,26.1,11,23.34
31/3/2016 14:40,13.2,235,32,0.1,1011.4,1014.8,1015,0,52.1,8,454,26,24.2,25.1,26.1,15,23.66
31/3/2016 14:50,13.2,228,40,0.1,1011.4,1014.8,1015,0,52.7,7,663,26.1,24.2,25.2,26.1,15,23.5
31/3/2016 15:00,13.6,238,39,0.1,1011.3,1014.7,1014.9,0,51.7,7,653,26.3,24.3,25.2,26.1,12,24.18
31/3/2016 15:10,13.2,239,31,0.1,1011.2,1014.6,1014.8,0,52.2,7,611,26.4,24.3,25.1,26.1,13,23.62
31/3/2016 15:20,12.9,227,34,0.1,1011.2,1014.6,1014.8,0,53.2,6,177,26.5,24.4,25.1,26.1,10,22.99
31/3/2016 15:30,12.7,226,32,0,1011.2,1014.6,1014.8,0,54.9,7,577,26.7,24.4,25.1,26.1,11,22.29
31/3/2016 15:40,12.7,224,35,0.1,1011.3,1014.7,1014.9,0,53.2,6,527,26.8,24.5,25.1,26.1,9,22.78
31/3/2016 15:50,13,227,32,0.1,1011.3,1014.7,1014.9,0,53.3,7,517,26.9,24.6,25.1,26.1,16,23.06
31/3/2016 16:00,13.7,237,33,0,1011.4,1014.8,1015,0,58.3,7,261,27,24.6,25.1,26.1,15,22.35
31/3/2016 16:10,13.3,220,34,0.1,1011.5,1014.9,1015.1,0,57.6,6,532,27.1,24.7,25.1,26.1,10,22.12
31/3/2016 16:20,12.9,225,29,0.1,1011.4,1014.8,1015,0,55.4,7,449,27.2,24.7,25.1,26.1,15,22.36
31/3/2016 16:30,12.6,224,29,0,1011.5,1014.9,1015.1,0,55.3,6,428,27.3,24.8,25.1,26.1,10,21.99
31/3/2016 16:40,12.9,236,28,0.1,1011.5,1014.9,1015.1,0,56.4,7,160,27.4,24.9,25.1,26.1,12,22.07
31/3/2016 16:50,13.2,220,34,0,1011.6,1015,1015.2,0,58,6,288,27.5,24.9,25.1,26.1,10,21.83
31/3/2016 17:00,12.5,222,29,0.1,1011.6,1015,1015.2,0,57.5,5,120,27.5,25,25.2,26.1,8,21.29
31/3/2016 17:10,12.2,221,34,0,1011.7,1015.2,1015.3,0,57.2,5,85,27.6,25,25.1,26.1,10,21.01
31/3/2016 17:20,12.6,227,31,0,1011.7,1015.1,1015.3,0,58.7,5,100,27.7,25.1,25.1,26.1,11,21.03
31/3/2016 17:30,12.8,69,87,0,1011.7,1015.2,1015.3,0,60.2,5,62,27.7,25.1,25.2,26.1,8,20.8
31/3/2016 17:40,13.5,225,26,0,1011.7,1015.2,1015.3,0,63.4,5,39,27.7,25.2,25.2,26.1,11,20.74
31/3/2016 17:50,13.3,231,21,0,1011.8,1015.3,1015.4,0,62.7,4,35,27.8,25.2,25.2,26.1,11,20.71
31/3/2016 18:00,12.8,226,25,0,1011.9,1015.4,1015.5,0,61,5,38,27.8,25.3,25.2,26.1,9,20.63
31/3/2016 18:10,12.1,239,25,0,1012,1015.5,1015.6,0,59.3,6,29,27.8,25.3,25.2,26.1,12,20.34
31/3/2016 18:20,12,231,20,0,1012.1,1015.6,1015.7,0,59.8,4,16,27.8,25.4,25.2,26.1,8,20.1
31/3/2016 18:30,12.2,244,14,0,1012.2,1015.7,1015.8,0,60.9,4,17,27.8,25.4,25.2,26.1,8,20.07
31/3/2016 18:40,12.5,246,10,0,1012.3,1015.8,1015.9,0,61.7,4,20,27.8,25.5,25.2,26.1,6,20.15
31/3/2016 18:50,13.6,243,22,0,1012.2,1015.7,1015.8,0,65.9,6,25,27.8,25.5,25.2,26.1,10,20.23
31/3/2016 19:00,12.8,236,24,0,1012.3,1015.8,1015.9,0,62.8,7,19,27.8,25.6,25.2,26.1,11,20.21
31/3/2016 19:10,12.3,239,21,0,1012.4,1015.9,1016,0,61,6,24,27.8,25.6,25.3,26.1,11,20.12
31/3/2016 19:20,11.8,244,29,0,1012.5,1016,1016.1,0,59.2,6,8,27.7,25.6,25.3,26.1,10,20.07
31/3/2016 19:30,11.4,252,28,0,1012.7,1016.2,1016.3,0,57.7,7,19,27.7,25.7,25.3,26.1,10,20.03
31/3/2016 19:40,11.2,244,28,0,1012.9,1016.4,1016.5,0,57.7,6,14,27.6,25.7,25.3,26.1,10,19.85
31/3/2016 19:50,11.4,241,26,0,1013.1,1016.6,1016.7,0,58.5,6,10,27.6,25.7,25.3,26.1,10,19.87
31/3/2016 20:00,11.6,236,26,0,1013.2,1016.7,1016.8,0,58.7,5,14,27.6,25.7,25.3,26.1,10,19.93
31/3/2016 20:10,11.9,223,26,0,1013.1,1016.6,1016.7,0,59.9,4,21,27.5,25.8,25.3,26.1,8,20
31/3/2016 20:20,11.7,243,26,0,1013.1,1016.6,1016.7,0,59.1,6,15,27.5,25.8,25.3,26.1,10,20.02
31/3/2016 20:30,11.3,247,23,0,1013.1,1016.6,1016.7,0,57.6,6,24,27.4,25.8,25.4,26.1,11,20.01
31/3/2016 20:40,11.3,239,24,0,1013.1,1016.6,1016.7,0,57.7,6,11,27.3,25.8,25.4,26.1,11,19.95
31/3/2016 20:50,11,234,27,0,1013.1,1016.6,1016.7,0,56.6,5,14,27.3,25.8,25.4,26.1,10,19.93
31/3/2016 21:00,11.2,238,23,0,1013.2,1016.7,1016.8,0,57.2,4,17,27.2,25.8,25.4,26.1,6,19.92
31/3/2016 21:10,11.7,229,19,0,1013.3,1016.8,1016.9,0,59.1,4,20,27.2,25.8,25.4,26.1,6,19.94
31/3/2016 21:20,11.8,230,11,0,1013.4,1016.9,1017,0,59.6,4,22,27.1,25.9,25.4,26.1,8,19.92
31/3/2016 21:30,11.2,238,25,0.1,1013.5,1017,1017.1,0,57.6,6,16,27.1,25.9,25.4,26.1,11,19.85
31/3/2016 21:40,10.7,226,28,0,1013.5,1017,1017.1,0,56.2,5,30,27,25.9,25.4,26.1,8,19.67
31/3/2016 21:50,10.6,234,20,0,1013.4,1016.9,1017,0,57,4,15,27,25.9,25.5,26.1,7,19.34
31/3/2016 22:00,10.8,233,14,0,1013.4,1016.9,1017,0,58.2,3,27,26.9,25.8,25.5,26.1,5,19.24
31/3/2016 22:10,11,244,18,0,1013.4,1016.9,1017,0,59.3,4,24,26.8,25.9,25.5,26.1,6,19.15
31/3/2016 22:20,11,252,15,0,1013.3,1016.8,1016.9,0,59.1,4,23,26.8,25.9,25.5,26.1,6,19.27
31/3/2016 22:30,11.1,249,17,0,1013.3,1016.8,1016.9,0,59.9,4,17,26.7,25.8,25.5,26.1,7,19.16
31/3/2016 22:40,11.1,238,19,0,1013.2,1016.7,1016.8,0,59.3,4,19,26.7,25.8,25.5,26.1,7,19.25
31/3/2016 22:50,11.1,246,4,0,1013.2,1016.7,1016.8,0,59.9,3,14,26.6,25.9,25.5,26.1,5,19.16
31/3/2016 23:00,11.3,250,5,0,1013.2,1016.7,1016.8,0,61,3,17,26.6,25.8,25.5,26.1,5,19.09
31/3/2016 23:10,11.4,243,11,0,1013.1,1016.6,1016.7,0,61.9,4,13,26.5,25.8,25.5,26.1,5,18.94
31/3/2016 23:20,11.5,250,12,0,1013,1016.5,1016.6,0,62.8,4,11,26.5,25.8,25.6,26.1,6,18.81
31/3/2016 23:30,11.4,257,11,0,1012.9,1016.4,1016.5,0,63.5,5,13,26.4,25.8,25.6,26.1,7,18.48
31/3/2016 23:40,11.4,250,15,0,1012.9,1016.4,1016.5,0,64.7,5,10,26.4,25.8,25.6,26.1,6,18.19
31/3/2016 23:50,11.4,243,5,0,1012.7,1016.2,1016.3,0,65.8,3,11,26.3,25.8,25.6,26.1,5,17.95
2/4/2015 0:00,9.6,92,14,0,1018.1,1021.6,1021.7,0,53.8,9,22,26.2,25.6,25.4,25.9,13,19.19
2/4/2015 0:10,9.4,98,16,0,1018.1,1021.6,1021.7,0,53.9,8,19,26.2,25.6,25.5,25.9,11,18.99
2/4/2015 0:20,9.5,110,16,0,1018.2,1021.7,1021.8,0,55.2,7,23,26.1,25.6,25.5,25.9,11,18.7
2/4/2015 0:30,9.3,115,18,0,1018.2,1021.7,1021.8,0,56.4,6,12,26,25.6,25.5,25.9,9,18.17
2/4/2015 0:40,8.8,116,17,0,1018.2,1021.7,1021.8,0,55.4,7,23,26,25.6,25.5,25.9,11,17.88
2/4/2015 0:50,8.5,114,17,0,1018.2,1021.7,1021.8,0,54.9,7,17,25.9,25.6,25.5,25.9,11,17.74
2/4/2015 1:00,8.3,107,16,0.1,1018.2,1021.7,1021.8,0,54.8,8,24,25.9,25.6,25.5,25.9,12,17.59
2/4/2015 1:10,8.3,111,18,0,1018.2,1021.7,1021.8,0,55.3,7,24,25.8,25.5,25.5,25.9,10,17.34
2/4/2015 1:20,8.2,108,14,0,1018.2,1021.7,1021.8,0,56.1,7,17,25.8,25.5,25.5,25.9,11,17.09
2/4/2015 1:30,8.2,108,16,0,1018.2,1021.7,1021.8,0,55.8,8,7,25.7,25.5,25.5,25.9,13,17.16
2/4/2015 1:40,8.2,104,17,0,1018.1,1021.6,1021.7,0,56.3,8,8,25.7,25.5,25.5,25.9,16,17
2/4/2015 1:50,8.2,106,17,0,1018.1,1021.6,1021.7,0,56.7,8,6,25.6,25.5,25.5,25.9,12,16.91
2/4/2015 2:00,8.2,102,16,0,1018.1,1021.6,1021.7,0,56.9,8,18,25.5,25.5,25.5,25.9,18,16.82
2/4/2015 2:10,8.3,102,16,0,1018,1021.5,1021.6,0,57.9,7,14,25.5,25.5,25.5,25.9,10,16.62
2/4/2015 2:20,8.2,104,18,0,1018,1021.5,1021.6,0,58.1,7,23,25.5,25.4,25.5,25.9,12,16.53
2/4/2015 2:30,8.2,99,18,0,1017.9,1021.4,1021.5,0,57.7,8,20,25.4,25.4,25.5,25.9,15,16.58
2/4/2015 2:40,8.1,97,15,0,1017.8,1021.3,1021.4,0,57.9,8,14,25.3,25.4,25.5,25.9,12,16.48
2/4/2015 2:50,8.1,95,14,0,1017.8,1021.3,1021.4,0,58,7,9,25.3,25.4,25.5,25.9,11,16.42
2/4/2015 3:00,8.1,94,18,0,1017.7,1021.2,1021.3,0,58.6,7,12,25.2,25.4,25.5,25.9,13,16.28
2/4/2015 3:10,8.3,98,15,0,1017.7,1021.2,1021.3,0,59.7,6,15,25.2,25.3,25.5,25.9,11,16.18
2/4/2015 3:20,8.3,92,18,0,1017.6,1021.1,1021.2,0,59.7,7,16,25.1,25.3,25.5,25.9,12,16.18
2/4/2015 3:30,8.2,88,16,0,1017.6,1021.1,1021.2,0,58.6,8,20,25.1,25.3,25.5,25.9,15,16.33
2/4/2015 3:40,8,94,15,0,1017.5,1021,1021.1,0,58.3,8,19,25,25.3,25.5,25.9,12,16.25
2/4/2015 3:50,8,92,12,0,1017.6,1021.1,1021.2,0,58.4,7,24,25,25.2,25.5,25.9,11,16.15
2/4/2015 4:00,7.8,86,15,0,1017.5,1021,1021.1,0,57.6,8,15,24.9,25.2,25.5,25.9,13,16.2
2/4/2015 4:10,7.7,87,14,0,1017.5,1021,1021.1,0,56.7,9,12,24.9,25.2,25.5,25.9,18,16.35
2/4/2015 4:20,7.6,90,14,0,1017.6,1021.1,1021.2,0,57.3,7,12,24.8,25.2,25.5,25.9,12,16.12
2/4/2015 4:30,7.7,87,17,0,1017.6,1021.1,1021.2,0,58,6,4,24.8,25.2,25.5,25.9,10,15.96
2/4/2015 4:40,7.6,89,19,0,1017.7,1021.2,1021.3,0,58.5,5,14,24.7,25.2,25.5,25.9,7,15.79
2/4/2015 4:50,7.6,79,16,0,1017.7,1021.2,1021.3,0,57.2,8,8,24.7,25.1,25.5,25.9,13,16.11
2/4/2015 5:00,7.6,83,13,0.1,1017.8,1021.3,1021.4,0,57.3,8,17,24.7,25.1,25.5,25.9,11,16.07
2/4/2015 5:10,7.6,81,15,0,1017.8,1021.3,1021.4,0,57.5,8,12,24.6,25.1,25.5,25.9,13,16.08
2/4/2015 5:20,7.7,83,14,0,1018,1021.5,1021.6,0,57.6,8,18,24.6,25,25.5,25.9,12,16.06
2/4/2015 5:30,7.7,79,17,0,1018.2,1021.7,1021.8,0,58,7,15,24.5,25,25.5,25.9,11,15.98
2/4/2015 5:40,7.8,81,17,0,1018.3,1021.8,1021.9,0,59,7,17,24.5,25,25.5,25.9,11,15.82
2/4/2015 5:50,7.9,77,14,0,1018.4,1021.9,1022,0,59.4,7,18,24.4,25,25.5,25.9,11,15.81
2/4/2015 6:00,8,72,16,0,1018.4,1021.9,1022,0,59.5,8,24,24.4,25,25.5,25.9,12,15.93
2/4/2015 6:10,8.1,76,13,0,1018.5,1022,1022.1,0,60,9,18,24.3,25,25.5,25.9,12,15.85
2/4/2015 6:20,8.1,79,13,0,1018.4,1021.9,1022,0,60.8,8,13,24.3,24.9,25.5,25.9,11,15.67
2/4/2015 6:30,8.3,76,15,0,1018.5,1022,1022.1,0,61.1,9,17,24.2,24.9,25.5,25.9,13,15.8
2/4/2015 6:40,8.3,78,18,0,1018.6,1022.1,1022.2,0,61.5,9,24,24.2,24.9,25.5,25.9,17,15.77
2/4/2015 6:50,8.3,78,17,0,1018.6,1022.1,1022.2,0,61.1,9,39,24.1,24.8,25.5,25.9,14,15.84
2/4/2015 7:00,8.4,77,16,0,1018.6,1022.1,1022.2,0,61,9,67,24.1,24.8,25.5,25.9,15,15.92
2/4/2015 7:10,8.4,86,15,0,1018.5,1022,1022.1,0,60.4,8,99,24,24.8,25.5,25.9,13,16.14
2/4/2015 7:20,8.4,82,16,0,1018.6,1022.1,1022.2,0,59.4,9,151,24,24.8,25.5,25.9,16,16.38
2/4/2015 7:30,8.5,83,16,0.1,1018.6,1022.1,1022.2,0,58.6,9,176,24,24.7,25.4,25.9,15,16.7
2/4/2015 7:40,8.6,81,16,0,1018.7,1022.2,1022.3,0,57.7,8,233,23.9,24.7,25.4,25.9,11,17
2/4/2015 7:50,8.7,79,16,0,1018.9,1022.4,1022.5,0,57,9,266,23.9,24.7,25.4,25.9,12,17.34
2/4/2015 8:00,8.6,81,19,0.1,1018.9,1022.4,1022.5,0,55.3,9,308,23.8,24.7,25.4,25.9,13,17.71
2/4/2015 8:10,8.7,75,15,0,1019,1022.5,1022.6,0,55,9,344,23.8,24.6,25.4,25.9,14,17.85
2/4/2015 8:20,8.6,71,17,0.1,1019.1,1022.6,1022.7,0,53.6,7,386,23.7,24.6,25.4,25.9,10,18.27
2/4/2015 8:30,8.3,69,20,0,1019.1,1022.6,1022.7,0,51.4,8,409,23.7,24.6,25.4,25.9,10,18.6
2/4/2015 8:40,8.5,69,17,0.1,1019.1,1022.6,1022.7,0,50.4,8,448,23.7,24.6,25.4,25.9,13,19.11
2/4/2015 8:50,8.5,75,18,0.1,1018.2,1021.7,1021.8,0,48.6,8,487,23.6,24.6,25.4,25.9,11,19.61
2/4/2015 9:00,8.1,75,21,0,1018.8,1022.3,1022.4,0,47.3,8,525,23.6,24.5,25.4,25.9,13,19.62
2/4/2015 9:10,8.1,64,18,0.1,1018.4,1021.9,1022,0,46.2,9,553,23.6,24.5,25.4,25.9,12,20.04
2/4/2015 9:20,8,75,20,0.1,1018,1021.5,1021.6,0,45,8,577,23.5,24.5,25.4,25.9,10,20.38
2/4/2015 9:30,8.4,85,20,0.1,1018,1021.5,1021.6,0,44,9,621,23.5,24.4,25.4,25.9,13,21.18
2/4/2015 9:40,7.9,93,16,0.1,1018.1,1021.6,1021.7,0,42.4,9,639,23.5,24.4,25.4,25.9,11,21.25
2/4/2015 9:50,8.3,91,17,0.1,1018.1,1021.6,1021.7,0,42.6,9,664,23.4,24.4,25.3,25.9,12,21.57
2/4/2015 10:00,8.3,68,21,0.1,1017.9,1021.4,1021.5,0,41.6,8,696,23.5,24.4,25.3,25.9,12,22.03
2/4/2015 10:10,8.2,69,19,0.1,1017.8,1021.3,1021.4,0,40.9,8,720,23.4,24.4,25.3,25.9,12,22.15
2/4/2015 10:20,8.4,75,22,0.1,1017.7,1021.2,1021.3,0,40.4,8,743,23.4,24.3,25.3,25.9,11,22.56
2/4/2015 10:30,8.7,60,15,0.1,1017.7,1021.2,1021.3,0,40.7,9,764,23.4,24.3,25.3,25.9,13,22.78
2/4/2015 10:40,8.5,56,26,0.2,1017.6,1021,1021.2,0,38.6,7,776,23.4,24.3,25.3,25.9,10,23.49
2/4/2015 10:50,8.6,71,18,0.1,1017.5,1020.9,1021.1,0,37.8,8,795,23.4,24.3,25.3,25.9,12,23.93
2/4/2015 11:00,8.5,76,22,0.1,1017.4,1020.8,1021,0,37.4,7,810,23.5,24.3,25.3,25.9,9,24.02
2/4/2015 11:10,8.3,81,17,0.2,1017.4,1020.8,1021,0,36.7,8,824,23.5,24.2,25.3,25.9,12,24.04
2/4/2015 11:20,8.9,66,28,0.1,1017.1,1020.5,1020.7,0,37.4,6,838,23.5,24.2,25.3,25.9,10,24.4
2/4/2015 11:30,8.4,69,29,0.1,1016.9,1020.3,1020.5,0,35.3,7,862,23.6,24.2,25.3,25.9,13,24.85
2/4/2015 11:40,8.3,68,17,0.2,1016.6,1020,1020.2,0,34.8,7,181,23.6,24.2,25.3,25.9,10,24.92
2/4/2015 11:50,8.5,69,21,0.1,1016.6,1020,1020.2,0,34.2,7,880,23.6,24.2,25.2,25.9,10,25.49
2/4/2015 12:00,7.9,60,25,0.2,1016.7,1020.1,1020.3,0,32.4,6,926,23.7,24.2,25.2,25.9,9,25.73
2/4/2015 12:10,8.1,67,31,0.1,1016.6,1020,1020.2,0,32.2,6,948,23.8,24.2,25.2,25.9,9,26.01
2/4/2015 12:20,7.9,58,32,0.2,1015.9,1019.3,1019.5,0,30.9,5,1021,23.9,24.2,25.2,25.9,9,26.47
2/4/2015 12:30,7.3,106,33,0.1,1015.8,1019.2,1019.4,0,29.9,6,1122,23.9,24.1,25.2,25.9,11,26.36
2/4/2015 12:40,7.5,70,40,0.1,1015.8,1019.2,1019.4,0,31.5,5,1043,24,24.1,25.2,25.9,9,25.67
2/4/2015 12:50,7.7,88,32,0.1,1015.1,1018.5,1018.7,0,32.1,4,206,24.1,24.1,25.2,25.9,7,25.6
2/4/2015 13:00,7.6,141,21,0.1,1014.9,1018.3,1018.5,0,30.6,5,1022,24.2,24.1,25.2,25.9,7,26.33
2/4/2015 13:10,7.3,109,73,0.1,1015.1,1018.5,1018.7,0,28.4,4,1000,24.3,24.1,25.2,25.9,6,27.2
2/4/2015 13:20,6.4,82,32,0.1,1014.8,1018.2,1018.4,0,28.6,5,528,24.4,24.1,25.2,25.9,7,26.03
2/4/2015 13:30,6.3,12,68,0,1014.3,1017.7,1017.9,0,28.1,3,454,24.5,24.2,25.2,25.9,7,26.27
2/4/2015 13:40,5.7,72,42,0.1,1014.1,1017.5,1017.7,0,25.9,5,975,24.6,24.2,25.1,25.9,8,26.94
2/4/2015 13:50,5.5,123,21,0.1,1014,1017.4,1017.6,0,27.1,6,223,24.7,24.2,25.1,25.9,12,25.87
2/4/2015 14:00,5.5,154,27,0,1013.8,1017.2,1017.4,0,27.4,4,181,24.8,24.2,25.1,25.9,5,25.78
2/4/2015 14:10,5.5,109,22,0.1,1013.7,1017.1,1017.3,0,26.4,3,859,24.9,24.2,25.1,25.9,5,26.34
2/4/2015 14:20,5.1,7,28,0.1,1013.6,1017,1017.2,0,24,4,900,25.1,24.2,25.1,25.9,7,27.51
2/4/2015 14:30,4.7,187,80,0.1,1013.5,1016.9,1017.1,0,24.8,4,159,25.2,24.2,25.1,25.9,11,26.51
2/4/2015 14:40,5.1,138,22,0.1,1013.4,1016.8,1017,0,26.1,4,183,25.3,24.3,25.1,25.9,6,26.06
2/4/2015 14:50,9.3,187,55,0,1013.5,1016.9,1017.1,0,36.3,4,778,25.4,24.3,25.1,25.9,6,25.39
2/4/2015 15:00,9.3,256,33,0.2,1013.4,1016.8,1017,0,34.5,6,686,25.5,24.3,25.1,25.9,11,26.25
2/4/2015 15:10,8.2,220,31,0.1,1013.1,1016.5,1016.7,0,32.5,6,694,25.6,24.3,25.1,25.9,13,25.92
2/4/2015 15:20,9.4,236,32,0.1,1013.2,1016.6,1016.8,0,34.9,7,568,25.8,24.4,25.1,25.9,11,26.15
2/4/2015 15:30,9.5,246,29,0.1,1013.5,1016.9,1017.1,0,35.3,6,535,25.9,24.4,25.1,25.9,13,26.03
2/4/2015 15:40,9.1,247,25,0.1,1013.6,1017,1017.2,0,35.9,7,504,26,24.4,25.1,25.9,13,25.31
2/4/2015 15:50,9,235,30,0.1,1013.4,1016.8,1017,0,36.6,6,484,26.1,24.5,25.1,25.9,10,24.86
2/4/2015 16:00,9.6,231,26,0.1,1013.1,1016.5,1016.7,0,37.2,6,447,26.2,24.5,25.1,25.9,10,25.32
2/4/2015 16:10,9.1,232,29,0,1013,1016.4,1016.6,0,37.1,6,389,26.3,24.6,25.1,25.9,10,24.75
2/4/2015 16:20,9.4,238,32,0.1,1013.1,1016.5,1016.7,0,38.4,6,356,26.4,24.6,25.1,25.9,12,24.57
2/4/2015 16:30,9.8,236,30,0,1013.5,1016.9,1017.1,0,40,6,334,26.5,24.6,25.1,25.9,10,24.28
2/4/2015 16:40,8.8,234,34,0.1,1013.5,1016.9,1017.1,0,37,6,304,26.5,24.7,25.1,25.9,10,24.49
2/4/2015 16:50,9.2,227,34,0.1,1013.4,1016.8,1017,0,40.3,6,266,26.6,24.7,25.1,25.9,11,23.53
2/4/2015 17:00,10.1,232,33,0,1013.1,1016.5,1016.7,0,43.4,6,229,26.7,24.8,25.1,25.9,11,23.25
2/4/2015 17:10,9.6,224,32,0,1013.3,1016.7,1016.9,0,42.6,5,180,26.8,24.8,25.1,25.9,9,23.07
2/4/2015 17:20,9.2,224,31,0.1,1013.5,1016.9,1017.1,0,42,6,145,26.9,24.8,25.1,25.9,10,22.82
2/4/2015 17:30,10.5,221,28,0,1013.1,1016.5,1016.7,0,46.5,5,37,26.9,24.9,25.1,25.9,8,22.62
2/4/2015 17:40,10.5,117,38,0,1013.7,1017.1,1017.3,0,47.2,4,42,27,24.9,25.1,25.9,8,22.3
2/4/2015 17:50,10.4,223,23,0,1013.8,1017.2,1017.4,0,47.9,4,28,27.1,25,25.1,25.9,7,21.97
2/4/2015 18:00,11,230,25,0,1013.4,1016.9,1017,0,50.9,5,28,27.1,25,25.1,25.9,8,21.66
2/4/2015 18:10,11.7,227,22,0,1013.9,1017.4,1017.5,0,54.3,4,17,27.2,25,25.1,25.9,7,21.37
2/4/2015 18:20,11.7,233,18,0,1014.1,1017.6,1017.7,0,55.3,3,21,27.2,25.1,25.1,25.9,5,21.09
2/4/2015 18:30,11,208,17,0,1014.2,1017.7,1017.8,0,53.7,3,8,27.3,25.1,25.1,25.9,5,20.8
2/4/2015 18:40,10.8,209,20,0,1014.2,1017.7,1017.8,0,53,4,8,27.3,25.1,25.1,25.9,6,20.76
2/4/2015 18:50,10.7,204,12,0,1014.3,1017.8,1017.9,0,52.9,4,19,27.3,25.2,25.1,25.9,6,20.67
2/4/2015 19:00,10.5,205,12,0,1014.2,1017.7,1017.8,0,52.8,4,20,27.4,25.2,25.1,25.9,7,20.47
2/4/2015 19:10,11,197,13,0,1014.3,1017.8,1017.9,0,55.1,5,24,27.4,25.3,25.1,25.9,7,20.33
2/4/2015 19:20,11.5,199,10,0,1014.4,1017.9,1018,0,57.9,4,13,27.4,25.3,25.2,25.9,6,20.12
2/4/2015 19:30,12.1,198,10,0,1014.5,1018,1018.1,0,60.4,4,24,27.4,25.3,25.2,25.9,7,20.03
2/4/2015 19:40,12.2,192,8,0,1014.6,1018.1,1018.2,0,62.2,4,11,27.4,25.4,25.2,25.9,6,19.72
2/4/2015 19:50,12.4,201,12,0,1014.6,1018.1,1018.2,0,63.9,4,12,27.4,25.4,25.2,25.9,6,19.5
2/4/2015 20:00,12.7,201,16,0,1014.6,1018.1,1018.2,0,65.5,4,19,27.4,25.4,25.2,25.9,6,19.35
2/4/2015 20:10,12.7,192,11,0,1014.6,1018.1,1018.2,0,66.5,4,25,27.4,25.5,25.2,25.9,6,19.12
2/4/2015 20:20,12.7,194,12,0,1014.6,1018.1,1018.2,0,67.6,4,13,27.3,25.5,25.2,25.9,5,18.84
2/4/2015 20:30,12.5,188,8,0,1014.6,1018.1,1018.2,0,67.9,4,12,27.3,25.5,25.2,25.9,5,18.61
2/4/2015 20:40,12.1,188,19,0,1014.5,1018,1018.1,0,64.9,5,30,27.3,25.5,25.2,25.9,9,18.89
2/4/2015 20:50,11.2,180,18,0,1014.6,1018.1,1018.2,0,60.4,5,26,27.3,25.5,25.2,25.9,8,19.1
2/4/2015 21:00,10.7,188,18,0,1014.6,1018.1,1018.2,0,59.4,5,20,27.2,25.6,25.2,25.9,8,18.81
2/4/2015 21:10,10.4,190,19,0,1014.5,1018,1018.1,0,58.3,4,9,27.2,25.6,25.3,25.9,7,18.85
2/4/2015 21:20,10.1,184,14,0,1014.6,1018.1,1018.2,0,56.9,4,20,27.1,25.6,25.3,25.9,7,18.87
2/4/2015 21:30,9.9,180,20,0,1014.6,1018.1,1018.2,0,56.8,4,18,27.1,25.6,25.3,25.9,6,18.64
2/4/2015 21:40,9.7,181,16,0,1014.5,1018,1018.1,0,55.1,5,28,27.1,25.6,25.3,25.9,8,18.92
2/4/2015 21:50,9.4,175,12,0,1014.5,1018,1018.1,0,55,4,16,27,25.6,25.3,25.9,7,18.65
2/4/2015 22:00,9.3,181,14,0,1014.5,1018,1018.1,0,54.8,5,19,26.9,25.6,25.3,25.9,6,18.67
2/4/2015 22:10,9.3,179,16,0,1014.4,1017.9,1018,0,54.4,5,10,26.9,25.7,25.3,25.9,7,18.7
2/4/2015 22:20,9.2,175,4,0,1014.4,1017.9,1018,0,55.6,3,16,26.8,25.7,25.3,25.9,6,18.25
2/4/2015 22:30,9.2,168,18,0,1014.3,1017.8,1017.9,0,56.6,4,21,26.8,25.7,25.3,25.9,6,18.03
2/4/2015 22:40,9.3,166,16,0,1014.2,1017.7,1017.8,0,57.1,4,19,26.7,25.7,25.3,25.9,6,17.93
2/4/2015 22:50,9.2,175,14,0,1014.1,1017.6,1017.7,0,58.1,4,16,26.7,25.7,25.4,25.8,5,17.54
2/4/2015 23:00,9.3,175,9,0,1014.1,1017.6,1017.7,0,59.5,4,19,26.6,25.7,25.4,25.9,5,17.27
2/4/2015 23:10,9.3,193,3,0,1013.9,1017.4,1017.5,0,61.1,3,20,26.6,25.7,25.4,25.9,4,16.9
2/4/2015 23:20,9.4,192,0,0,1013.9,1017.4,1017.5,0,62.9,2,16,26.5,25.7,25.4,25.9,4,16.54
2/4/2015 23:30,9.5,192,0,0,1013.8,1017.3,1017.4,0,64.5,0,25,26.4,25.7,25.4,25.8,0,16.28
2/4/2015 23:40,9.6,192,0,0,1013.6,1017.1,1017.2,0,66.4,0,30,26.4,25.6,25.4,25.9,0,15.91
2/4/2015 23:50,9.8,192,0,0,1013.5,1017,1017.1,0,67.8,0,7,26.3,25.6,25.4,25.9,0,15.74
1/6/2015 0:00,7.1,99,0,0,1016.3,1019.9,1019.9,0,91,0,24,16.3,16.5,16.9,18.6,0,8.51
1/6/2015 0:10,6.8,99,0,-0.1,1016.2,1019.8,1019.8,0,91.3,0,14,16.2,16.5,16.9,18.6,0,8.16
1/6/2015 0:20,6.8,99,0,0,1016.3,1019.9,1019.9,0,93.1,0,18,16.2,16.5,16.9,18.7,0,7.93
1/6/2015 0:30,6.9,99,0,0,1016.1,1019.7,1019.7,0,94.1,0,20,16.1,16.4,16.9,18.6,0,7.84
1/6/2015 0:40,7,99,0,0,1016,1019.6,1019.6,0,95.3,0,11,16.1,16.4,16.9,18.6,0,7.79
1/6/2015 0:50,6.8,99,0,0,1015.9,1019.5,1019.5,0,95.9,0,12,16,16.4,16.9,18.6,0,7.47
1/6/2015 1:00,6.9,99,0,0,1015.8,1019.4,1019.4,0,97,0,21,16,16.4,16.9,18.6,0,7.41
1/6/2015 1:10,7,99,0,0,1015.7,1019.3,1019.3,0,97.4,0,23,15.9,16.4,16.9,18.6,0,7.44
1/6/2015 1:20,7,99,0,0,1015.7,1019.3,1019.3,0,97.5,0,20,15.9,16.3,16.9,18.6,0,7.43
1/6/2015 1:30,7,99,0,0,1015.6,1019.2,1019.2,0,97.4,0,16,15.8,16.3,16.9,18.6,0,7.42
1/6/2015 1:40,7.1,99,0,0,1015.6,1019.2,1019.2,0,97.5,0,10,15.8,16.3,16.9,18.6,0,7.51
1/6/2015 1:50,6.8,99,0,0,1015.6,1019.2,1019.2,0,97.5,0,19,15.7,16.3,16.9,18.6,0,7.24
1/6/2015 2:00,6.8,99,0,0,1015.5,1019.1,1019.1,0,97.5,2,20,15.7,16.2,16.9,18.6,4,7.17
1/6/2015 2:10,6.9,99,0,-0.1,1015.4,1019,1019,0,97.5,4,24,15.6,16.2,16.9,18.6,4,7.3
1/6/2015 2:20,7.2,98,2,0,1015.3,1018.9,1018.9,0,97.5,5,20,15.6,16.2,16.9,18.6,5,7.62
1/6/2015 2:30,7.1,97,3,0,1015.2,1018.8,1018.8,0,97.5,4,12,15.5,16.1,16.9,18.6,5,7.52
1/6/2015 2:40,7.2,102,0,0,1015.2,1018.8,1018.8,0,97.5,3,26,15.5,16.1,16.9,18.6,4,7.59
1/6/2015 2:50,6.8,102,0,0,1015.2,1018.8,1018.8,0,97.4,2,16,15.4,16.1,16.9,18.6,3,7.27
1/6/2015 3:00,6.9,102,0,0,1015.2,1018.8,1018.8,0,97.5,3,18,15.4,16.1,16.9,18.6,4,7.35
1/6/2015 3:10,7.2,101,0,0,1015.2,1018.8,1018.8,0,97.5,3,23,15.4,16,16.9,18.6,4,7.59
1/6/2015 3:20,6.8,101,0,0,1015.1,1018.7,1018.7,0,97.4,3,4,15.3,16,16.9,18.6,4,7.21
1/6/2015 3:30,7.1,94,3,0,1015.1,1018.7,1018.7,0,97.4,4,28,15.2,16,16.9,18.6,4,7.55
1/6/2015 3:40,6.8,79,3,0,1015,1018.6,1018.6,0,97.4,5,15,15.2,16,16.9,18.6,5,7.27
1/6/2015 3:50,7.4,69,5,0,1014.9,1018.5,1018.5,0,97.4,5,16,15.2,16,16.9,18.6,6,7.83
1/6/2015 4:00,7.5,76,4,0,1014.9,1018.5,1018.5,0,97.3,4,17,15.1,15.9,16.9,18.6,6,7.95
1/6/2015 4:10,6.9,80,6,-0.1,1014.9,1018.5,1018.5,0,96.2,4,28,15.1,15.9,16.9,18.6,5,7.56
1/6/2015 4:20,6.7,74,5,0,1014.8,1018.4,1018.4,0,95.5,5,26,15,15.9,16.9,18.7,6,7.39
1/6/2015 4:30,8.4,60,11,0,1014.9,1018.5,1018.5,0,95.2,6,15,15,15.8,16.9,18.6,9,9.18
1/6/2015 4:40,8.1,54,16,0,1014.8,1018.4,1018.4,0,83.9,5,13,14.9,15.8,16.9,18.6,8,10.73
1/6/2015 4:50,6.7,55,15,0,1014.8,1018.4,1018.4,0,75.7,5,13,14.9,15.8,16.8,18.6,8,10.9
1/6/2015 5:00,6.1,59,13,0,1014.8,1018.4,1018.4,0,73.3,6,25,14.9,15.8,16.8,18.6,8,10.67
1/6/2015 5:10,6,60,11,0,1014.7,1018.3,1018.3,0,74.7,5,22,14.8,15.7,16.8,18.6,8,10.29
1/6/2015 5:20,5.9,60,12,0,1014.6,1018.2,1018.2,0,74.1,4,19,14.8,15.7,16.8,18.6,6,10.39
1/6/2015 5:30,5.8,63,7,0,1014.6,1018.2,1018.2,0,75.1,4,24,14.7,15.7,16.8,18.6,6,10.09
1/6/2015 5:40,6.1,54,11,0,1014.6,1018.2,1018.2,0,74.4,4,19,14.7,15.7,16.8,18.6,6,10.54
1/6/2015 5:50,5.9,61,7,0,1014.5,1018.1,1018.1,0,72,4,22,14.7,15.6,16.8,18.6,7,10.78
1/6/2015 6:00,5.9,63,13,0,1014.5,1018.1,1018.1,0,71.7,4,21,14.7,15.6,16.8,18.6,7,10.84
1/6/2015 6:10,5.8,59,17,0,1014.5,1018.1,1018.1,0,71.5,3,8,14.6,15.6,16.8,18.6,6,10.75
1/6/2015 6:20,5.7,39,13,0,1014.5,1018.1,1018.1,0,70.4,4,24,14.6,15.6,16.8,18.6,6,10.95
1/6/2015 6:30,5.6,48,8,0,1014.4,1018,1018,0,69.5,4,17,14.5,15.5,16.8,18.6,6,11.05
1/6/2015 6:40,5.7,52,17,0,1014.5,1018.1,1018.1,0,68.6,5,23,14.5,15.5,16.8,18.6,9,11.26
1/6/2015 6:50,5.5,45,18,0,1014.5,1018.1,1018.1,0,66.5,6,22,14.5,15.5,16.7,18.6,8,11.58
1/6/2015 7:00,5.4,35,17,0,1014.6,1018.2,1018.2,0,65.7,6,31,14.5,15.5,16.7,18.6,8,11.65
1/6/2015 7:10,5.4,23,19,0,1014.7,1018.3,1018.3,0,67.3,4,26,14.5,15.4,16.7,18.6,7,11.32
1/6/2015 7:20,5.5,23,9,0,1014.7,1018.3,1018.3,0,66.9,4,38,14.4,15.4,16.7,18.6,7,11.43
1/6/2015 7:30,5.3,38,17,0,1014.8,1018.4,1018.4,0,61.8,6,29,14.4,15.4,16.7,18.6,11,12.39
1/6/2015 7:40,3.9,44,20,0,1014.8,1018.4,1018.4,0,54.2,7,52,14.4,15.4,16.7,18.6,10,12.93
1/6/2015 7:50,3.2,45,19,0,1014.9,1018.5,1018.5,0,51.3,7,48,14.4,15.4,16.7,18.6,11,13.11
1/6/2015 8:00,2.8,48,17,0,1014.9,1018.5,1018.5,0,49,7,47,14.3,15.3,16.7,18.6,10,13.36
1/6/2015 8:10,2.6,43,20,0,1015,1018.6,1018.6,0,47.6,6,76,14.3,15.3,16.7,18.6,10,13.5
1/6/2015 8:20,2.5,39,16,0,1015.1,1018.7,1018.7,0,47.3,6,84,14.3,15.3,16.7,18.6,9,13.57
1/6/2015 8:30,2.5,44,20,0,1015,1018.6,1018.6,0,46.7,6,103,14.3,15.3,16.7,18.6,9,13.7
1/6/2015 8:40,2.4,43,18,0,1015.1,1018.7,1018.7,0,46,6,119,14.3,15.3,16.6,18.6,10,13.85
1/6/2015 8:50,2.2,42,19,0.1,1015.1,1018.7,1018.7,0,44.9,7,129,14.3,15.2,16.6,18.6,10,14.06
1/6/2015 9:10,2,35,16,0,1015.4,1019,1019,0,41.8,7,336,14.3,15.2,16.6,18.6,11,14.89
1/6/2015 9:20,2,33,17,0.1,1015.5,1019,1019.1,0,40.8,8,230,14.3,15.2,16.6,18.6,12,15.29
1/6/2015 9:30,1.7,30,20,0,1015.5,1019,1019.1,0,39.6,7,223,14.3,15.2,16.6,18.6,11,15.42
1/6/2015 9:40,1.7,31,19,0,1015.6,1019.1,1019.2,0,39.2,7,247,14.3,15.2,16.6,18.7,11,15.55
1/6/2015 9:50,1.8,32,18,0.1,1015.7,1019.2,1019.3,0,38.1,7,367,14.3,15.2,16.6,18.6,11,16.11
1/6/2015 10:00,2.1,29,22,0,1015.8,1019.3,1019.4,0,37.8,7,369,14.3,15.1,16.6,18.6,10,16.57
1/6/2015 10:10,1.8,27,19,0.1,1015.8,1019.3,1019.4,0,36.3,7,424,14.3,15.2,16.6,18.6,10,16.84
1/6/2015 10:20,1.6,33,21,0.1,1015.9,1019.4,1019.5,0,35.9,8,373,14.3,15.1,16.5,18.6,12,16.89
1/6/2015 10:30,2,36,19,0,1015.8,1019.3,1019.4,0,36.4,7,456,14.4,15.1,16.5,18.6,13,17.06
1/6/2015 10:40,2.2,27,20,0,1015.6,1019.1,1019.2,0,36.1,6,471,14.4,15.1,16.5,18.6,9,17.43
1/6/2015 10:50,1.4,22,22,0.1,1015.5,1019,1019.1,0,33.2,7,386,14.4,15.1,16.5,18.6,12,17.83
1/6/2015 11:00,0.9,17,20,0.1,1015.3,1018.8,1018.9,0,31.4,8,476,14.5,15.1,16.5,18.6,12,18.15
1/6/2015 11:10,1.1,13,20,0.1,1015.2,1018.7,1018.8,0,30.2,8,504,14.5,15.1,16.5,18.6,13,19.02
1/6/2015 11:20,0.4,18,20,0,1015,1018.5,1018.6,0,28.3,9,566,14.6,15.1,16.5,18.6,15,19.27
1/6/2015 11:30,1,20,19,0.1,1014.7,1018.2,1018.3,0,28.3,9,527,14.6,15.1,16.5,18.6,17,19.96
1/6/2015 11:40,0.8,20,20,0.1,1014.5,1018,1018.1,0,27.3,8,584,14.7,15.1,16.5,18.6,16,20.25
1/6/2015 11:50,0.1,18,21,0.1,1014.4,1017.9,1018,0,25.4,7,564,14.7,15.1,16.5,18.6,12,20.61
1/6/2015 12:00,-0.4,27,24,0.1,1014,1017.5,1017.6,0,24.7,9,558,14.8,15.1,16.5,18.6,16,20.34
1/6/2015 12:10,-0.3,22,22,0.1,1013.6,1017.1,1017.2,0,24.6,9,531,14.9,15.1,16.4,18.6,15,20.61
1/6/2015 12:20,-0.5,24,22,0.1,1013.2,1016.7,1016.8,0,23.7,9,570,15,15.1,16.4,18.6,15,20.93
1/6/2015 12:30,-0.9,19,23,0.1,1012.7,1016.2,1016.3,0,22.8,8,647,15.1,15.1,16.4,18.6,16,21.12
1/6/2015 12:40,-1.3,28,23,0.1,1012.3,1015.8,1015.9,0,22.3,10,582,15.1,15.2,16.4,18.6,17,20.97
1/6/2015 12:50,-2,19,22,0.1,1012,1015.5,1015.6,0,21,9,555,15.2,15.2,16.4,18.6,14,21.13
1/6/2015 13:00,-2.5,24,24,0.1,1011.7,1015.2,1015.3,0,20.3,10,545,15.3,15.2,16.4,18.6,17,21.01
1/6/2015 13:10,-2.4,29,26,0.1,1011.5,1015,1015.1,0,20.2,9,599,15.4,15.2,16.4,18.6,16,21.24
1/6/2015 13:20,-2.5,32,21,0.1,1011.4,1014.9,1015,0,20.2,10,580,15.5,15.2,16.4,18.6,17,21.07
1/6/2015 13:30,-2.2,21,25,0.1,1011.1,1014.6,1014.7,0,20.2,9,462,15.6,15.3,16.4,18.6,15,21.51
1/6/2015 13:40,-2.3,10,21,0.1,1010.9,1014.4,1014.5,0,21.1,9,392,15.8,15.3,16.4,18.7,15,20.66
1/6/2015 13:50,-2.4,16,21,0.1,1010.6,1014.1,1014.2,0,21.2,9,308,15.9,15.3,16.4,18.6,15,20.46
1/6/2015 14:00,-2,16,19,0,1010.3,1013.8,1013.9,0,22.1,9,329,16,15.4,16.4,18.6,16,20.33
1/6/2015 14:10,-2.7,27,22,0.1,1010.2,1013.7,1013.8,0,21.3,9,237,16.1,15.4,16.4,18.6,16,20.03
1/6/2015 14:20,-2.2,21,21,0.1,1010,1013.5,1013.6,0,21.9,9,306,16.2,15.4,16.4,18.6,13,20.21
1/6/2015 14:30,-2.2,28,22,0,1009.8,1013.3,1013.4,0,21.6,8,373,16.3,15.5,16.4,18.6,12,20.35
1/6/2015 14:40,-1.8,34,21,0.1,1009.7,1013.2,1013.3,0,21.7,9,346,16.4,15.5,16.4,18.6,15,20.77
1/6/2015 14:50,-1.8,29,18,0.1,1009.6,1013.1,1013.2,0,22.4,9,253,16.5,15.6,16.4,18.6,13,20.31
1/6/2015 15:00,-1.8,34,18,0,1009.6,1013.1,1013.2,0,22.6,9,240,16.6,15.6,16.4,18.6,15,20.15
1/6/2015 15:10,-1.8,40,24,0.1,1009.4,1012.9,1013,0,22.5,6,206,16.7,15.6,16.4,18.6,10,20.18
1/6/2015 15:20,-1.5,33,21,0,1009.2,1012.7,1012.8,0,23,7,194,16.8,15.7,16.4,18.6,10,20.25
1/6/2015 15:30,-1.8,26,16,0,1009.2,1012.7,1012.8,0,22.6,7,162,16.9,15.7,16.4,18.6,12,20.13
1/6/2015 15:40,-1.7,22,21,0.1,1009.1,1012.6,1012.7,0,22.9,8,141,16.9,15.8,16.4,18.6,12,20.02
1/6/2015 15:50,-0.8,17,18,0,1009,1012.5,1012.6,0,24.6,6,140,17,15.8,16.4,18.6,9,19.91
1/6/2015 16:00,-1.3,14,19,0,1009,1012.5,1012.6,0,24.1,6,116,17.1,15.9,16.4,18.6,9,19.76
1/6/2015 16:10,-1.5,19,18,0.1,1009.1,1012.5,1012.6,0,23.9,6,103,17.2,15.9,16.4,18.6,10,19.64
1/6/2015 16:20,-1,8,17,0,1009,1012.5,1012.6,0,25,5,82,17.2,15.9,16.4,18.6,8,19.46
1/6/2015 16:30,-0.5,10,16,0,1009,1012.5,1012.6,0,26.3,4,74,17.3,16,16.4,18.6,6,19.22
1/6/2015 16:40,-0.4,5,10,0,1009.1,1012.6,1012.7,0,26.8,5,55,17.3,16,16.4,18.6,7,19.05
1/6/2015 16:50,-0.1,20,11,0,1009.1,1012.6,1012.7,0,27.9,4,50,17.3,16.1,16.5,18.6,5,18.81
1/6/2015 17:00,0.1,15,13,0.1,1009,1012.5,1012.6,0,28.9,4,39,17.4,16.1,16.5,18.6,5,18.57
1/6/2015 17:10,0.1,17,14,0,1008.8,1012.3,1012.4,0,29.1,5,36,17.4,16.2,16.5,18.6,6,18.4
1/6/2015 17:20,0.6,9,10,0,1008.8,1012.3,1012.4,0,31,4,24,17.4,16.2,16.5,18.6,6,18
1/6/2015 17:30,0.5,19,14,0,1008.8,1012.3,1012.4,0,31.3,4,16,17.5,16.2,16.5,18.6,5,17.76
1/6/2015 17:40,0.6,19,9,0,1008.7,1012.3,1012.3,0,31.8,4,15,17.5,16.3,16.5,18.6,5,17.59
1/6/2015 17:50,1,5,4,0,1008.8,1012.3,1012.4,0,33.5,3,16,17.5,16.3,16.5,18.6,5,17.23
1/6/2015 18:00,1,3,2,0,1008.9,1012.4,1012.5,0,34.2,3,12,17.5,16.3,16.5,18.6,4,16.97
1/6/2015 18:10,1.2,15,9,0,1008.9,1012.4,1012.5,0,34.6,4,17,17.5,16.3,16.5,18.6,5,16.97
1/6/2015 18:20,1.4,22,9,0,1009,1012.5,1012.6,0,35.4,3,20,17.5,16.4,16.5,18.6,5,16.81
1/6/2015 18:30,1.5,25,4,0,1009,1012.5,1012.6,0,35.7,4,13,17.5,16.4,16.5,18.6,5,16.81
1/6/2015 18:40,1.8,31,8,0,1009,1012.5,1012.6,0,36.3,4,28,17.5,16.4,16.6,18.6,5,16.87
1/6/2015 18:50,2.3,65,19,0,1009,1012.5,1012.6,0,39.7,4,11,17.5,16.4,16.6,18.6,5,16.06
1/6/2015 19:00,2,59,8,0,1009,1012.6,1012.6,0,38.5,4,14,17.5,16.5,16.6,18.6,7,16.15
1/6/2015 19:10,1.9,60,11,0,1008.9,1012.4,1012.5,0,37.9,5,15,17.4,16.5,16.6,18.6,7,16.28
1/6/2015 19:20,1.9,45,17,0,1008.7,1012.2,1012.3,0,37.7,6,25,17.4,16.5,16.6,18.6,8,16.42
1/6/2015 19:30,2.1,31,11,0,1008.7,1012.2,1012.3,0,39.2,5,21,17.4,16.5,16.6,18.6,8,16.01
1/6/2015 19:40,2.3,40,12,0.1,1008.7,1012.2,1012.3,0,40,6,16,17.3,16.5,16.6,18.6,8,15.96
1/6/2015 19:50,2.6,16,17,0,1008.7,1012.2,1012.3,0,42.5,4,29,17.3,16.5,16.6,18.6,6,15.29
1/6/2015 20:00,2.8,21,11,0,1008.7,1012.2,1012.3,0,43.4,5,14,17.3,16.6,16.7,18.6,7,15.24
1/6/2015 20:10,2.9,25,11,0,1008.6,1012.1,1012.2,0,43.5,6,22,17.3,16.5,16.7,18.6,8,15.31
1/6/2015 20:20,2.9,28,16,0,1008.5,1012,1012.1,0,43.1,6,20,17.2,16.6,16.7,18.6,8,15.42
1/6/2015 20:30,3,29,13,0,1008.5,1012,1012.1,0,43.7,5,14,17.2,16.6,16.7,18.6,8,15.36
1/6/2015 20:40,3,34,14,0,1008.4,1011.9,1012,0,44.1,6,18,17.2,16.5,16.7,18.6,8,15.22
1/6/2015 20:50,3.1,30,14,0,1008.3,1011.8,1011.9,0,44.8,6,21,17.1,16.6,16.7,18.6,8,15.04
1/6/2015 21:00,3.3,28,14,0,1008.2,1011.7,1011.8,0,45.6,6,20,17.1,16.6,16.7,18.6,8,14.93
1/6/2015 21:10,3.5,34,15,0,1008.1,1011.6,1011.7,0,46.3,6,23,17,16.6,16.7,18.6,8,14.91
1/6/2015 21:20,3.2,43,14,0,1008.1,1011.6,1011.7,0,45.7,6,10,17,16.6,16.7,18.6,8,14.85
1/6/2015 21:30,3,43,15,0,1008.1,1011.6,1011.7,0,44.9,6,16,16.9,16.6,16.7,18.6,9,14.89
1/6/2015 21:40,3.2,44,15,0,1008.1,1011.6,1011.7,0,46.2,7,21,16.9,16.6,16.8,18.6,10,14.63
1/6/2015 21:50,3.1,28,15,0,1008,1011.5,1011.6,0,45.9,8,11,16.9,16.5,16.8,18.6,10,14.69
1/6/2015 22:00,3,23,15,0,1008,1011.5,1011.6,0,45.4,8,20,16.8,16.5,16.8,18.6,12,14.73
1/6/2015 22:10,3.2,26,14,0,1007.9,1011.4,1011.5,0,45.6,8,10,16.8,16.5,16.8,18.6,11,14.84
1/6/2015 22:20,3.2,32,17,0.1,1007.9,1011.4,1011.5,0,45.6,7,7,16.7,16.5,16.8,18.6,10,14.83
1/6/2015 22:30,3.2,33,16,0,1007.8,1011.3,1011.4,0,46.5,7,13,16.7,16.5,16.8,18.6,10,14.62
1/6/2015 22:40,3.4,31,17,0,1007.7,1011.2,1011.3,0,47,7,21,16.7,16.5,16.8,18.6,10,14.62
1/6/2015 22:50,3.7,32,17,0,1007.5,1011,1011.1,0,48.5,7,28,16.6,16.5,16.8,18.6,11,14.44
1/6/2015 23:00,4,29,18,0,1007.5,1011,1011.1,0,49,8,13,16.6,16.5,16.8,18.6,13,14.63
1/6/2015 23:10,4.2,28,17,0,1007.4,1010.9,1011,0,49,8,16,16.5,16.5,16.8,18.6,12,14.8
1/6/2015 23:20,4.1,35,18,0,1007.2,1010.7,1010.8,0,48.4,9,19,16.5,16.5,16.8,18.6,15,14.95
1/6/2015 23:30,4.1,33,20,0,1006.9,1010.4,1010.5,0,49,9,17,16.5,16.4,16.8,18.6,14,14.75
1/6/2015 23:40,4.3,27,18,0,1006.9,1010.4,1010.5,0,49.4,9,17,16.5,16.4,16.8,18.6,15,14.84
1/6/2015 23:50,4.4,23,17,0,1006.8,1010.3,1010.4,0,49.6,9,14,16.4,16.4,16.8,18.6,15,14.86
2/6/2015 0:00,4.3,25,15,0,1006.8,1010.3,1010.4,0,49,10,18,16.4,16.4,16.8,18.6,16,14.96
2/6/2015 0:10,4.3,25,17,0.1,1006.7,1010.2,1010.3,0,48.8,9,20,16.3,16.4,16.8,18.6,15,15.08
2/6/2015 0:20,4.3,25,19,0,1006.6,1010.1,1010.2,0,48,9,19,16.3,16.4,16.8,18.6,16,15.26
2/6/2015 0:30,4.2,19,19,0,1006.8,1010.3,1010.4,0,47.6,8,9,16.3,16.4,16.9,18.6,13,15.31
2/6/2015 0:40,4.2,19,19,0,1006.9,1010.4,1010.5,0,47.6,7,21,16.3,16.4,16.8,18.6,11,15.33
2/6/2015 0:50,4.3,18,18,0,1006.9,1010.4,1010.5,0,47.2,7,23,16.2,16.3,16.9,18.6,10,15.51
2/6/2015 1:00,4.2,9,16,0,1006.9,1010.4,1010.5,0,46,8,23,16.2,16.3,16.8,18.6,12,15.87
2/6/2015 1:10,4.3,19,17,0,1006.8,1010.3,1010.4,0,46.5,8,14,16.2,16.3,16.9,18.6,13,15.83
2/6/2015 1:20,5.9,23,18,0,1006.5,1010,1010.1,0,52.9,8,9,16.2,16.3,16.8,18.6,12,15.54
2/6/2015 1:30,6,43,20,0,1005.7,1009.2,1009.3,0,54.5,10,18,16.1,16.3,16.8,18.6,17,15.14
2/6/2015 1:40,5.7,28,19,0,1005.6,1009.1,1009.2,0,52.6,10,15,16.1,16.3,16.8,18.6,16,15.36
2/6/2015 1:50,8.1,36,24,0,1005.2,1008.7,1008.8,0.8,68.6,9,12,16.1,16.3,16.9,18.6,15,13.86
2/6/2015 2:00,9.8,358,20,0,1005.8,1009.3,1009.4,0,79,7,19,16.1,16.3,16.8,18.6,12,13.43
2/6/2015 2:10,10.5,352,17,0,1006.2,1009.7,1009.8,0.2,82,7,28,16.1,16.2,16.8,18.6,11,13.52
2/6/2015 2:20,11,332,24,0,1006.5,1010,1010.1,0.3,86.3,6,24,16,16.2,16.9,18.6,10,13.31
2/6/2015 2:30,11.5,325,19,0,1007.1,1010.6,1010.7,0.7,91.6,6,9,16,16.2,16.9,18.6,10,12.89
2/6/2015 2:40,12,337,20,0,1007.1,1010.6,1010.7,0.3,95.4,6,12,16,16.2,16.8,18.6,10,12.76
2/6/2015 2:50,12.3,346,16,0,1006.9,1010.4,1010.5,0.5,97.4,6,23,16,16.2,16.8,18.6,9,12.79
2/6/2015 3:00,12.5,1,15,0,1006.6,1010.1,1010.2,0.5,97.6,8,12,15.9,16.2,16.8,18.6,15,12.9
2/6/2015 3:10,13.4,310,37,0,1006.6,1010.1,1010.2,0.5,98,9,10,15.9,16.2,16.8,18.6,17,13.77
2/6/2015 3:20,13.2,234,19,0,1006.7,1010.2,1010.3,0.7,98.1,4,20,15.8,16.2,16.8,18.6,13,13.58
2/6/2015 3:30,13.4,276,39,-0.1,1007,1010.5,1010.6,1,98.1,2,19,15.7,16.1,16.8,18.6,9,13.77
2/6/2015 3:40,14.1,290,26,0,1007.1,1010.6,1010.7,0.8,98.3,8,24,15.7,16.1,16.8,18.6,13,14.43
2/6/2015 3:50,14.1,301,16,0,1007,1010.5,1010.6,0.2,98.4,5,17,15.6,16.1,16.8,18.6,9,14.4
2/6/2015 4:00,14.1,314,6,0,1006.9,1010.4,1010.5,0,98.5,3,19,15.6,16.1,16.8,18.6,5,14.36
2/6/2015 4:10,14,354,13,0,1006.9,1010.4,1010.5,0,98.5,4,22,15.6,16,16.8,18.6,5,14.29
2/6/2015 4:20,14.1,24,9,0,1006.9,1010.4,1010.5,0,98.5,4,26,15.6,16,16.8,18.6,6,14.41
2/6/2015 4:30,14.2,34,7,0,1006.9,1010.4,1010.5,0,98.5,5,10,15.6,16,16.8,18.6,6,14.52
2/6/2015 4:40,14.2,25,9,0,1007,1010.5,1010.6,0,98.5,4,23,15.5,15.9,16.8,18.6,5,14.51
2/6/2015 4:50,13.9,71,15,0,1007,1010.5,1010.6,0,98.5,5,17,15.5,15.9,16.8,18.6,7,14.14
2/6/2015 5:00,13.5,70,10,0,1007.1,1010.6,1010.7,0,98.5,5,18,15.5,15.9,16.8,18.6,8,13.81
2/6/2015 5:10,13.4,53,14,0,1007.3,1010.8,1010.9,0,98.5,5,11,15.5,15.8,16.8,18.6,8,13.69
2/6/2015 5:20,13.4,27,11,-0.1,1007.4,1010.9,1011,0,98.6,2,12,15.5,15.8,16.8,18.6,5,13.63
2/6/2015 5:30,13.2,26,0,0,1007.4,1010.9,1011,0,98.5,1,6,15.5,15.8,16.8,18.6,4,13.48
2/6/2015 5:40,13.1,26,0,0,1007.3,1010.8,1010.9,0,98.5,1,14,15.5,15.8,16.8,18.6,3,13.36
2/6/2015 5:50,12.9,26,0,0,1007.3,1010.8,1010.9,0,98.5,0,14,15.5,15.8,16.8,18.6,0,13.23
2/6/2015 6:00,12.9,26,0,0,1007.4,1010.9,1011,0,98.5,0,23,15.5,15.7,16.7,18.6,0,13.16
2/6/2015 6:10,12.8,26,0,0,1007.4,1010.9,1011,0,98.5,0,8,15.5,15.7,16.7,18.6,0,13.05
2/6/2015 6:20,12.6,26,0,0,1007.5,1011,1011.1,0,98.5,0,9,15.5,15.7,16.7,18.6,0,12.93
2/6/2015 6:30,12.6,26,0,0,1007.6,1011.1,1011.2,0,98.5,0,11,15.4,15.7,16.7,18.6,0,12.87
2/6/2015 6:40,12.5,26,0,0,1007.7,1011.2,1011.3,0,98.6,0,12,15.5,15.7,16.7,18.6,1,12.75
2/6/2015 6:50,12.4,13,14,0,1007.8,1011.3,1011.4,0,98.6,1,15,15.5,15.7,16.7,18.6,4,12.67
2/6/2015 7:00,12.3,9,19,0,1007.9,1011.4,1011.5,0,98.6,2,13,15.4,15.7,16.7,18.6,4,12.58
2/6/2015 7:10,12.3,49,2,0,1008,1011.5,1011.6,0,98.5,3,9,15.4,15.7,16.7,18.6,4,12.6
2/6/2015 7:20,12.3,45,0,-0.1,1008.1,1011.6,1011.7,0,98.6,0,47,15.4,15.7,16.7,18.6,3,12.61
2/6/2015 7:30,12.6,51,2,0,1008.2,1011.7,1011.8,0,98.6,3,64,15.4,15.6,16.7,18.6,4,12.87
2/6/2015 7:40,12.7,52,1,0,1008.4,1011.9,1012,0,98.7,0,46,15.4,15.6,16.7,18.6,3,12.99
2/6/2015 7:50,12.9,345,55,0,1008.5,1012,1012.1,0,98.6,3,44,15.4,15.6,16.7,18.6,9,13.18
2/6/2015 8:00,13.7,292,13,0,1008.6,1012.1,1012.2,0,98.7,6,99,15.3,15.6,16.7,18.6,10,13.93
2/6/2015 8:10,14.1,298,12,0,1008.7,1012.2,1012.3,0,98.7,6,140,15.3,15.6,16.6,18.6,9,14.35
2/6/2015 8:20,15,302,18,0,1008.7,1012.2,1012.3,0,98.7,6,201,15.3,15.6,16.6,18.6,10,15.23
2/6/2015 8:30,15.7,295,20,0,1008.8,1012.3,1012.4,0,98,8,134,15.3,15.6,16.6,18.6,16,16.09
2/6/2015 8:40,14.1,296,19,0.1,1009,1012.5,1012.6,0,87.3,8,163,15.3,15.6,16.6,18.6,13,16.24
2/6/2015 8:50,12.9,297,19,0,1009.1,1012.6,1012.7,0,77.8,8,243,15.2,15.6,16.6,18.6,13,16.81
2/6/2015 9:00,12.8,299,21,0,1009.3,1012.8,1012.9,0,74.1,8,169,15.3,15.6,16.6,18.6,14,17.51
2/6/2015 9:10,12.5,299,22,0,1009.4,1012.9,1013,0,72.3,9,159,15.2,15.5,16.6,18.6,16,17.64
2/6/2015 9:20,12.3,290,22,0,1009.6,1013.1,1013.2,0,72.4,9,105,15.2,15.5,16.6,18.6,16,17.34
2/6/2015 9:30,12.7,292,17,0.1,1009.6,1013.1,1013.2,0,74.9,8,126,15.3,15.5,16.6,18.6,13,17.23
2/6/2015 9:40,13.3,304,26,0,1009.7,1013.2,1013.3,0,78.7,8,371,15.3,15.5,16.5,18.6,15,17.05
2/6/2015 9:50,13.5,310,20,0,1009.7,1013.2,1013.3,0,76.7,6,155,15.3,15.5,16.6,18.6,10,17.64
2/6/2015 10:00,13.6,297,23,0,1009.8,1013.3,1013.4,0,75,6,190,15.3,15.5,16.5,18.6,12,18.19
2/6/2015 10:10,13.1,303,23,0.1,1009.8,1013.3,1013.4,0,73,8,209,15.3,15.5,16.5,18.6,12,18.03
2/6/2015 10:20,13.3,316,25,0,1009.8,1013.3,1013.4,0,71.7,7,349,15.4,15.5,16.5,18.6,10,18.55
2/6/2015 10:30,13,303,26,0,1009.8,1013.3,1013.4,0,66.5,7,557,15.4,15.5,16.5,18.6,12,19.45
2/6/2015 10:40,12.8,284,25,0.1,1009.9,1013.4,1013.5,0,67.3,10,250,15.4,15.5,16.5,18.6,15,19.08
2/6/2015 10:50,14,279,28,0,1010.1,1013.6,1013.7,0,80.7,12,198,15.5,15.5,16.5,18.6,22,17.39
2/6/2015 11:00,14.5,281,27,0.1,1010.2,1013.7,1013.8,0,85,8,200,15.5,15.5,16.5,18.6,17,17.15
2/6/2015 11:10,14.7,307,22,0,1010,1013.5,1013.6,0,82.6,6,232,15.6,15.5,16.5,18.6,10,17.76
2/6/2015 11:20,15,310,21,0,1009.8,1013.3,1013.4,0,77.5,7,441,15.6,15.5,16.5,18.6,11,19.07
2/6/2015 11:30,13.8,307,24,0.1,1009.8,1013.3,1013.4,0,70.2,8,683,15.7,15.5,16.5,18.6,13,19.42
2/6/2015 11:40,13.9,306,25,0,1009.8,1013.3,1013.4,0,68.5,8,357,15.7,15.6,16.5,18.6,11,19.94
2/6/2015 11:50,14.8,305,27,0.1,1009.7,1013.1,1013.3,0,68.3,7,594,15.8,15.6,16.5,18.6,14,20.95
2/6/2015 12:00,14.6,304,25,0.1,1009.6,1013,1013.2,0,65.6,8,667,15.9,15.6,16.5,18.6,13,21.36
2/6/2015 12:10,12.2,297,26,0.1,1009.6,1013,1013.2,0,56.3,10,431,15.9,15.6,16.5,18.6,18,21.32
2/6/2015 12:20,11.4,298,26,0.1,1009.4,1012.8,1013,0,53.4,11,711,16,15.6,16.5,18.6,18,21.3
2/6/2015 12:30,12.3,298,27,0.1,1009.3,1012.7,1012.9,0,55.2,10,740,16.1,15.6,16.5,18.5,21,21.67
2/6/2015 12:40,10.6,302,29,0.1,1009.2,1012.6,1012.8,0,50.3,11,602,16.2,15.7,16.5,18.6,19,21.41
2/6/2015 12:50,10.5,304,29,0.1,1009.1,1012.5,1012.7,0,51.2,9,181,16.2,15.7,16.5,18.6,15,20.99
2/6/2015 13:00,12.5,301,24,0,1009.1,1012.5,1012.7,0,59.3,10,625,16.3,15.7,16.5,18.6,20,20.78
2/6/2015 13:10,11.5,304,28,0.1,1009.1,1012.5,1012.7,0,55.1,10,211,16.4,15.8,16.5,18.6,17,20.92
2/6/2015 13:20,13.9,294,24,0,1009.2,1012.7,1012.8,0,73.4,11,282,16.5,15.8,16.5,18.6,22,18.83
2/6/2015 13:30,12.7,308,23,0.1,1009.1,1012.6,1012.7,0,66.6,9,268,16.6,15.8,16.5,18.6,16,19.17
2/6/2015 13:40,12.1,309,23,0,1009,1012.5,1012.6,0,61.7,8,728,16.7,15.8,16.5,18.5,14,19.68
2/6/2015 13:50,13.7,299,26,0.1,1008.9,1012.4,1012.5,0,70.9,8,231,16.8,15.9,16.5,18.5,18,19.11
2/6/2015 14:00,14.2,284,25,0,1008.7,1012.2,1012.3,0,72,8,545,16.9,15.9,16.5,18.5,17,19.46
2/6/2015 14:10,12.6,296,26,0,1008.7,1012.2,1012.3,0,65.5,10,273,17,16,16.5,18.5,18,19.29
2/6/2015 14:20,12.8,286,24,0.1,1008.8,1012.3,1012.4,0,66.9,9,588,17.1,16,16.5,18.5,15,19.19
2/6/2015 14:30,12.9,302,25,0,1008.9,1012.4,1012.5,0,65.3,9,327,17.2,16,16.5,18.6,16,19.68
2/6/2015 14:40,12.8,303,29,0.1,1008.9,1012.4,1012.5,0,63.5,8,242,17.2,16.1,16.5,18.5,12,20
2/6/2015 14:50,11.9,300,27,0,1008.9,1012.4,1012.5,0,61.8,10,147,17.3,16.1,16.5,18.5,20,19.49
2/6/2015 15:00,12.8,295,24,0.1,1009,1012.5,1012.6,0,65.4,12,197,17.3,16.2,16.5,18.5,23,19.48
2/6/2015 15:10,13.5,287,22,0,1009.1,1012.6,1012.7,0,69.8,12,229,17.4,16.2,16.5,18.5,22,19.25
2/6/2015 15:20,12.4,288,24,0,1009.2,1012.7,1012.8,0,63.4,10,234,17.4,16.2,16.5,18.5,22,19.59
2/6/2015 15:30,12.1,298,26,0.1,1009.2,1012.7,1012.8,0,59.9,10,326,17.5,16.3,16.5,18.5,18,20.22
2/6/2015 15:40,11.7,300,25,0,1009.3,1012.8,1012.9,0,59.2,11,232,17.5,16.3,16.6,18.5,18,19.95
2/6/2015 15:50,11.5,302,23,0.1,1009.3,1012.8,1012.9,0,59.9,9,167,17.5,16.3,16.5,18.5,18,19.51
2/6/2015 16:00,11.6,300,24,0,1009.4,1012.9,1013,0,61.7,9,143,17.6,16.4,16.6,18.5,16,19.2
2/6/2015 16:10,12.1,302,25,0,1009.4,1012.9,1013,0,62.9,8,57,17.6,16.4,16.6,18.5,13,19.36
2/6/2015 16:20,12.2,295,23,0,1009.6,1013.1,1013.2,0.3,65.9,9,95,17.6,16.5,16.6,18.5,18,18.78
2/6/2015 16:30,13.5,307,23,0,1009.7,1013.2,1013.3,0,77.1,8,95,17.6,16.5,16.6,18.5,16,17.59
2/6/2015 16:40,14,316,21,0,1009.7,1013.2,1013.3,0,80.5,8,38,17.7,16.5,16.6,18.5,15,17.41
2/6/2015 16:50,14.4,324,19,0,1009.6,1013.1,1013.2,0,83.3,7,39,17.7,16.5,16.6,18.5,11,17.33
2/6/2015 17:00,14.9,313,23,0,1009.6,1013.1,1013.2,0,85.6,8,97,17.7,16.6,16.6,18.5,14,17.37
2/6/2015 17:10,15.1,321,19,0,1009.6,1013.1,1013.2,0,89.1,9,31,17.7,16.6,16.6,18.5,20,16.96
2/6/2015 17:20,15.2,315,22,0,1009.7,1013.2,1013.3,0,89.9,7,29,17.7,16.6,16.6,18.5,13,16.91
2/6/2015 17:30,15.2,317,22,0,1009.6,1013.1,1013.2,0,89.6,7,17,17.7,16.6,16.7,18.5,11,16.97
2/6/2015 17:40,15.2,315,22,0,1009.5,1013,1013.1,0,88.6,7,13,17.7,16.7,16.7,18.5,11,17.19
2/6/2015 17:50,15.3,286,29,0,1009.6,1013.1,1013.2,0,88.3,8,20,17.7,16.7,16.7,18.5,16,17.35
2/6/2015 18:00,15.8,287,21,0,1009.7,1013.2,1013.3,0,93,7,14,17.6,16.7,16.7,18.5,14,16.96
2/6/2015 18:10,16.1,294,17,0,1009.9,1013.4,1013.5,0.2,95.1,6,16,17.6,16.7,16.7,18.5,11,16.91
2/6/2015 18:20,15.9,301,22,0,1010,1013.5,1013.6,0,93.2,8,26,17.6,16.7,16.7,18.5,12,17.05
2/6/2015 18:30,15.1,301,20,0,1010.1,1013.6,1013.7,0,89.1,9,23,17.6,16.7,16.7,18.5,20,16.93
2/6/2015 18:40,14.7,301,24,0,1010.1,1013.6,1013.7,0,86.6,8,9,17.5,16.7,16.8,18.5,12,17.05
2/6/2015 18:50,13.7,298,23,0,1010.2,1013.7,1013.8,0,79.6,9,18,17.5,16.8,16.8,18.5,18,17.35
2/6/2015 19:00,13.6,290,21,0,1010.3,1013.8,1013.9,0,78.2,10,8,17.5,16.7,16.8,18.5,18,17.49
2/6/2015 19:10,13.9,292,23,0,1010.4,1013.9,1014,0,78.8,9,29,17.5,16.8,16.8,18.5,17,17.63
2/6/2015 19:20,14.1,295,24,0,1010.5,1014,1014.1,0,80.2,8,14,17.4,16.8,16.8,18.5,16,17.55
2/6/2015 19:30,14,298,25,0,1010.6,1014.1,1014.2,0,80.4,9,29,17.4,16.8,16.8,18.5,15,17.49
2/6/2015 19:40,13.5,296,20,0,1010.6,1014.1,1014.2,0,77.6,9,16,17.4,16.8,16.8,18.5,17,17.52
2/6/2015 19:50,13.7,302,23,0,1010.7,1014.2,1014.3,0,78.7,7,21,17.4,16.8,16.8,18.5,12,17.48
2/6/2015 20:00,14,304,22,0,1010.7,1014.2,1014.3,0,80.1,8,23,17.3,16.8,16.8,18.5,15,17.56
2/6/2015 20:10,14.5,310,25,0,1010.8,1014.3,1014.4,0,81.9,7,21,17.3,16.8,16.8,18.5,16,17.7
2/6/2015 20:20,15.1,302,26,0,1010.9,1014.4,1014.5,0,83.6,9,23,17.2,16.8,16.9,18.5,17,17.93
2/6/2015 20:30,14.8,310,24,0,1010.9,1014.4,1014.5,0,83.5,7,32,17.2,16.7,16.9,18.5,12,17.69
2/6/2015 20:40,14.7,310,24,0,1010.9,1014.4,1014.5,0,83.4,8,14,17.2,16.8,16.9,18.5,14,17.64
2/6/2015 20:50,15,308,20,0,1010.9,1014.4,1014.5,0,84.3,7,15,17.1,16.7,16.9,18.5,13,17.71
2/6/2015 21:00,14.8,301,23,-0.1,1010.9,1014.4,1014.5,0,82.6,8,18,17.1,16.7,16.9,18.5,16,17.84
2/6/2015 21:10,14.5,303,24,0,1010.9,1014.4,1014.5,0,80.7,8,13,17.1,16.7,16.9,18.5,18,17.91
2/6/2015 21:20,13.9,306,25,0,1010.9,1014.4,1014.5,0,78.3,8,14,17,16.7,16.9,18.5,15,17.77
2/6/2015 21:30,13.2,299,24,0,1010.9,1014.4,1014.5,0,74.7,8,4,17,16.7,16.9,18.5,17,17.79
2/6/2015 21:40,13.1,308,23,0,1010.9,1014.4,1014.5,0,74.7,8,17,17,16.7,16.9,18.5,15,17.68
2/6/2015 21:50,13,309,23,0,1010.9,1014.4,1014.5,0,74.8,7,32,17,16.7,16.9,18.5,11,17.6
2/6/2015 22:00,13.1,301,24,0,1011,1014.5,1014.6,0,75.7,8,20,16.9,16.7,16.9,18.5,16,17.49
2/6/2015 22:10,13.6,303,21,0,1011.1,1014.6,1014.7,0,77.1,8,26,16.9,16.7,16.9,18.5,12,17.69
2/6/2015 22:20,13.9,301,22,0,1011.1,1014.6,1014.7,0,77.4,9,22,16.9,16.7,16.9,18.5,17,17.91
2/6/2015 22:30,13.9,304,21,0,1011.1,1014.6,1014.7,0,78,8,17,16.9,16.7,16.9,18.5,15,17.87
2/6/2015 22:40,13.9,298,20,0,1011.1,1014.6,1014.7,0,77.9,8,12,16.8,16.6,16.9,18.5,13,17.87
2/6/2015 22:50,13.6,308,23,0,1011.1,1014.6,1014.7,0,76.6,8,20,16.8,16.6,16.9,18.5,15,17.83
2/6/2015 23:00,13.7,312,23,0,1011,1014.5,1014.6,0,77.4,8,25,16.8,16.6,16.9,18.5,14,17.78
2/6/2015 23:10,13.7,311,20,0,1011.1,1014.6,1014.7,0,77.6,7,18,16.8,16.6,17,18.5,13,17.67
2/6/2015 23:20,13.7,310,23,0,1011.1,1014.6,1014.7,0,77.2,8,13,16.7,16.6,16.9,18.5,15,17.78
2/6/2015 23:30,13.9,311,23,0,1011,1014.5,1014.6,0,78.5,8,18,16.7,16.6,16.9,18.5,16,17.78
2/6/2015 23:40,14,307,22,0,1011,1014.5,1014.6,0,78.1,10,16,16.7,16.6,16.9,18.5,17,17.97
2/6/2015 23:50,13.4,307,24,0,1011,1014.5,1014.6,0,74.6,9,6,16.7,16.6,17,18.5,16,17.99
3/6/2015 0:00,13.7,310,23,0,1011,1014.5,1014.6,0,77,8,29,16.6,16.6,17,18.5,15,17.87
3/6/2015 0:10,14,309,24,0,1010.9,1014.4,1014.5,0,77.6,9,7,16.6,16.5,17,18.5,16,18.04
3/6/2015 0:20,13.8,309,22,0,1010.9,1014.4,1014.5,0,76.6,10,18,16.6,16.5,17,18.5,16,18.02
3/6/2015 0:30,13.9,309,21,0,1010.8,1014.3,1014.4,0,77.1,9,16,16.6,16.5,17,18.5,17,18.03
3/6/2015 0:40,13.8,305,23,0,1010.8,1014.3,1014.4,0,77,9,5,16.5,16.5,17,18.5,16,17.96
3/6/2015 0:50,14.1,305,19,0,1010.9,1014.4,1014.5,0,77.3,8,16,16.5,16.5,17,18.5,14,18.18
3/6/2015 1:00,14,305,22,0,1010.9,1014.4,1014.5,0,76.6,8,4,16.5,16.5,16.9,18.5,13,18.27
3/6/2015 1:10,13.9,310,25,0,1010.9,1014.4,1014.5,0,74.7,9,11,16.5,16.5,17,18.5,16,18.52
3/6/2015 1:20,14.1,309,22,0,1010.9,1014.4,1014.5,0,74.5,10,10,16.5,16.5,17,18.5,18,18.76
3/6/2015 1:30,14.1,306,24,0,1011,1014.5,1014.6,0,74.7,10,13,16.4,16.5,17,18.5,18,18.75
3/6/2015 1:40,14.1,300,28,0,1011.1,1014.6,1014.7,0,73.5,11,13,16.4,16.4,17,18.5,18,18.95
3/6/2015 1:50,14.2,303,25,0,1011.2,1014.7,1014.8,0,74.6,10,17,16.4,16.4,16.9,18.5,18,18.87
3/6/2015 2:00,14.1,299,20,0,1011.2,1014.7,1014.8,0,74.6,11,17,16.4,16.4,17,18.5,20,18.78
3/6/2015 2:10,14,306,22,0,1011.3,1014.8,1014.9,0,75.5,9,9,16.4,16.4,17,18.5,19,18.45
3/6/2015 2:20,14,307,23,0,1011.3,1014.8,1014.9,0,75.8,10,10,16.4,16.4,17,18.5,19,18.36
3/6/2015 2:30,14.1,306,24,0,1011.3,1014.8,1014.9,0,77.2,8,20,16.4,16.4,17,18.5,17,18.18
3/6/2015 2:40,14.4,310,21,0,1011.2,1014.7,1014.8,0,78.4,8,12,16.4,16.4,16.9,18.5,15,18.22
3/6/2015 2:50,14.2,308,23,0,1011.2,1014.7,1014.8,0,78.1,8,22,16.4,16.4,17,18.5,16,18.14
3/6/2015 3:00,14.3,303,24,0,1011.1,1014.6,1014.7,0,78.8,8,23,16.4,16.4,16.9,18.5,15,18.09
3/6/2015 3:10,14.4,306,21,0,1011,1014.5,1014.6,0,79.2,8,29,16.4,16.4,17,18.5,18,18.12
3/6/2015 3:20,14.7,303,23,0,1011.1,1014.6,1014.7,0,79.8,7,15,16.3,16.4,16.9,18.5,13,18.26
3/6/2015 3:30,15,303,22,0,1011.1,1014.6,1014.7,0,79.7,9,27,16.4,16.3,16.9,18.5,17,18.62
3/6/2015 3:40,15.4,299,24,0,1011.2,1014.7,1014.8,0,84.2,11,18,16.4,16.3,16.9,18.5,19,18.18
3/6/2015 3:50,15.5,301,25,0,1011.2,1014.7,1014.8,0,86.8,10,21,16.3,16.3,16.9,18.5,18,17.77
3/6/2015 4:00,15.9,309,22,0,1011.2,1014.7,1014.8,0,89,8,13,16.3,16.3,16.9,18.5,13,17.74
3/6/2015 4:10,16.1,302,20,0,1011.4,1014.9,1015,0,90.5,8,17,16.3,16.3,16.9,18.5,14,17.72
3/6/2015 4:20,16,299,27,0,1011.5,1015,1015.1,0,87.8,9,17,16.3,16.3,16.9,18.5,16,18.13
3/6/2015 4:30,15.6,299,22,0,1011.5,1015,1015.1,0,84.6,9,16,16.3,16.3,16.9,18.5,16,18.26
3/6/2015 4:40,15.3,300,23,0,1011.5,1015,1015.1,0,83.5,9,16,16.3,16.3,16.9,18.5,15,18.2
3/6/2015 4:50,14.9,304,23,0,1011.4,1014.9,1015,0,81.7,9,30,16.3,16.3,16.9,18.5,19,18.14
3/6/2015 5:00,15.1,300,22,0,1011.5,1015,1015.1,0,82.5,9,21,16.3,16.3,16.9,18.5,17,18.13
3/6/2015 5:10,15.3,298,23,0,1011.6,1015.1,1015.2,0,83.3,10,20,16.3,16.3,16.9,18.5,16,18.19
3/6/2015 5:20,15.5,299,24,0,1011.6,1015.1,1015.2,0,83.8,10,10,16.3,16.3,16.9,18.5,18,18.3
3/6/2015 5:30,15.1,298,25,0,1011.7,1015.2,1015.3,0,82.1,10,21,16.3,16.3,16.9,18.5,20,18.3
3/6/2015 5:40,14.5,294,22,0,1011.7,1015.2,1015.3,0,79.4,9,20,16.3,16.3,16.9,18.5,15,18.21
3/6/2015 5:50,14.4,297,25,0,1011.8,1015.3,1015.4,0,77.6,10,24,16.3,16.3,16.9,18.5,18,18.39
3/6/2015 6:00,14.6,298,23,0,1012,1015.5,1015.6,0,78.4,10,8,16.3,16.3,16.9,18.5,18,18.48
3/6/2015 6:10,14.7,300,19,0,1012.1,1015.6,1015.7,0,79.7,9,24,16.3,16.3,16.9,18.5,15,18.31
3/6/2015 6:20,15.1,300,20,0,1012.2,1015.7,1015.8,0,81.5,8,7,16.3,16.3,16.9,18.5,14,18.33
3/6/2015 6:30,15.5,301,25,0,1012.3,1015.8,1015.9,0,82.4,9,14,16.3,16.2,16.9,18.5,17,18.63
3/6/2015 6:40,15.2,297,21,0,1012.4,1015.9,1016,0,80.4,9,15,16.2,16.3,16.9,18.5,13,18.67
3/6/2015 6:50,15.5,295,23,0,1012.5,1016,1016.1,0,81.1,8,16,16.3,16.2,16.9,18.5,13,18.86
3/6/2015 7:00,15.1,293,22,0,1012.7,1016.2,1016.3,0,78.8,9,20,16.2,16.3,16.9,18.5,18,18.91
3/6/2015 7:10,14.6,296,23,0,1012.8,1016.3,1016.4,0,76.8,11,13,16.2,16.2,16.9,18.5,21,18.8
3/6/2015 7:20,14.6,291,22,0,1012.9,1016.4,1016.5,0,77.2,11,23,16.2,16.2,16.9,18.5,18,18.74
3/6/2015 7:30,14.9,294,23,0,1013,1016.5,1016.6,0,78.9,10,50,16.2,16.2,16.9,18.5,15,18.68
3/6/2015 7:40,15.3,297,21,0,1013.1,1016.6,1016.7,0,79.9,11,31,16.2,16.2,16.9,18.5,22,18.88
3/6/2015 7:50,15.4,299,23,0,1013.2,1016.7,1016.8,0,82.1,9,41,16.2,16.2,16.9,18.5,16,18.56
3/6/2015 8:00,15.7,295,24,0,1013.3,1016.8,1016.9,0,82.4,9,107,16.2,16.2,16.9,18.5,16,18.79
3/6/2015 8:10,15.6,288,24,0,1013.6,1017.1,1017.2,0,79.1,10,127,16.2,16.2,16.9,18.5,16,19.34
3/6/2015 8:20,14.9,289,25,0,1013.9,1017.4,1017.5,0,74.3,11,165,16.2,16.2,16.9,18.5,20,19.63
3/6/2015 8:30,14.8,288,24,0,1014.1,1017.6,1017.7,0,72.9,10,202,16.2,16.2,16.9,18.5,19,19.87
3/6/2015 8:40,14.9,296,23,0.1,1014.3,1017.8,1017.9,0,72.4,9,177,16.3,16.2,16.9,18.5,19,20.03
3/6/2015 8:50,14.8,292,24,0,1014.4,1017.9,1018,0,71.5,9,121,16.2,16.2,16.9,18.5,17,20.13
3/6/2015 9:00,14.8,293,25,0,1014.5,1018,1018.1,0,71.2,10,213,16.3,16.2,16.9,18.5,19,20.18
3/6/2015 9:10,15.1,291,25,0,1014.6,1018.1,1018.2,0,71,11,323,16.3,16.2,16.9,18.5,18,20.64
3/6/2015 9:20,15,298,25,0.1,1014.7,1018.2,1018.3,0,69.4,11,334,16.3,16.2,16.9,18.5,20,20.82
3/6/2015 9:30,14.6,295,21,0,1014.8,1018.3,1018.4,0,67.9,10,226,16.3,16.2,16.9,18.5,18,20.75
3/6/2015 9:40,14.7,294,23,0.1,1014.9,1018.4,1018.5,0,67.5,10,225,16.3,16.2,16.9,18.5,21,20.96
3/6/2015 9:50,15,294,27,0,1015,1018.5,1018.6,0,67.6,11,234,16.4,16.2,16.9,18.5,18,21.31
3/6/2015 10:00,15.4,331,102,0.1,1015,1018.4,1018.6,0,68.7,11,423,16.4,16.2,16.9,18.5,20,21.47
3/6/2015 10:10,15.4,295,27,0,1015.1,1018.5,1018.7,0,67.6,11,499,16.4,16.2,16.9,18.5,21,21.75
3/6/2015 10:20,15.5,296,28,0.1,1015.2,1018.6,1018.8,0,66,10,452,16.4,16.2,16.9,18.5,17,22.22
3/6/2015 10:30,15.2,294,25,0.1,1015.3,1018.7,1018.9,0,65.1,10,466,16.5,16.2,16.9,18.5,18,22.1
3/6/2015 10:40,14.7,292,29,0,1015.3,1018.7,1018.9,0,63.7,10,475,16.6,16.2,16.9,18.5,18,21.92
3/6/2015 10:50,15.1,220,101,0.1,1015.5,1018.9,1019.1,0,63,10,289,16.6,16.2,16.9,18.5,20,22.57
3/6/2015 11:00,15.3,295,27,0.1,1015.5,1018.9,1019.1,0,65,11,612,16.7,16.3,16.9,18.5,19,22.25
3/6/2015 11:10,15.1,298,25,0,1015.5,1018.9,1019.1,0,63.8,10,389,16.7,16.3,16.9,18.5,18,22.37
3/6/2015 11:20,15.3,300,27,0.1,1015.4,1018.8,1019,0,64,11,541,16.8,16.3,16.9,18.5,20,22.46
3/6/2015 11:30,15.4,296,30,0.1,1015.4,1018.8,1019,0,64,10,264,16.9,16.3,16.9,18.5,20,22.58
3/6/2015 11:40,15.3,300,27,0.1,1015.5,1018.9,1019.1,0,65.2,12,641,17,16.3,16.9,18.5,20,22.19
3/6/2015 11:50,15.9,297,25,0,1015.4,1018.8,1019,0,65.2,10,575,17,16.3,16.9,18.5,20,22.85
3/6/2015 12:00,15.4,296,23,0.1,1015.3,1018.7,1018.9,0,63.3,12,230,17.1,16.4,16.9,18.5,19,22.81
3/6/2015 12:10,15.7,294,23,0.1,1015.3,1018.7,1018.9,0,66.1,10,242,17.2,16.4,16.9,18.5,18,22.41
3/6/2015 12:20,15.4,296,23,0,1015.2,1018.6,1018.8,0,65.3,11,221,17.3,16.4,16.9,18.5,18,22.31
3/6/2015 12:30,16,294,26,0.1,1015.1,1018.5,1018.7,0,66.8,10,578,17.4,16.5,16.9,18.5,19,22.52
3/6/2015 12:40,15.9,20,38,0.1,1015,1018.4,1018.6,0,64.8,10,616,17.5,16.5,16.9,18.5,18,22.97
3/6/2015 12:50,15.1,292,24,0,1014.9,1018.3,1018.5,0,64,10,213,17.6,16.5,16.9,18.5,17,22.33
3/6/2015 13:00,15.2,293,22,0.1,1015,1018.4,1018.6,0,66,11,273,17.7,16.6,16.9,18.5,20,21.91
3/6/2015 13:10,15.2,298,24,0,1014.9,1018.4,1018.5,0,68.4,11,107,17.8,16.6,16.9,18.5,19,21.32
3/6/2015 13:20,16.2,293,25,0.1,1014.8,1018.2,1018.4,0,71.4,10,387,17.9,16.6,16.9,18.5,21,21.68
3/6/2015 13:30,15.3,296,24,0,1014.8,1018.3,1018.4,0,69.3,10,210,18,16.7,16.9,18.5,16,21.18
3/6/2015 13:40,15.8,291,25,0,1014.8,1018.3,1018.4,0,71.4,9,190,18.1,16.7,16.9,18.5,15,21.21
3/6/2015 13:50,16,289,24,0,1014.8,1018.3,1018.4,0,74.2,10,127,18.1,16.8,16.9,18.5,16,20.85
3/6/2015 14:00,16,290,27,0.1,1014.9,1018.4,1018.5,0,72.7,9,270,18.2,16.8,16.9,18.5,18,21.12
3/6/2015 14:10,16.1,282,25,0,1015,1018.4,1018.6,0,70.9,10,471,18.3,16.8,16.9,18.5,17,21.67
3/6/2015 14:20,15.2,286,24,0.1,1015,1018.5,1018.6,0,70.5,11,180,18.4,16.9,16.9,18.5,20,20.79
3/6/2015 14:30,16.3,298,26,0,1015.1,1018.6,1018.7,0,75.4,9,283,18.4,16.9,16.9,18.5,15,20.89
3/6/2015 14:40,16.4,297,23,0,1015.3,1018.8,1018.9,0,74,9,214,18.5,17,17,18.5,18,21.23
3/6/2015 14:50,14.9,293,22,0,1015.3,1018.8,1018.9,0,72.3,11,135,18.5,17,17,18.5,24,20.07
3/6/2015 15:00,14.5,290,26,0.1,1015.5,1019,1019.1,0,73.8,13,152,18.6,17.1,17,18.5,22,19.34
3/6/2015 15:10,15.1,277,28,0,1015.5,1019,1019.1,0,73.7,7,313,18.6,17.1,17,18.5,16,19.97
3/6/2015 15:20,15.2,282,27,0,1015.5,1019,1019.1,0,68.8,7,300,18.7,17.1,17,18.5,11,21.22
3/6/2015 15:30,15.3,287,24,0,1015.6,1019.1,1019.2,0,71.8,9,111,18.7,17.2,17,18.5,17,20.67
3/6/2015 15:40,15.8,310,23,0.1,1015.7,1019.2,1019.3,0,75.8,8,89,18.7,17.2,17,18.5,12,20.25
3/6/2015 15:50,16.1,301,24,0,1015.9,1019.4,1019.5,0,76.4,7,117,18.8,17.2,17,18.5,12,20.43
3/6/2015 16:00,16.1,297,19,0,1016,1019.5,1019.6,0,77,8,200,18.8,17.3,17,18.5,12,20.32
3/6/2015 16:10,16.3,301,27,0,1016.1,1019.6,1019.7,0,77.5,7,128,18.8,17.3,17.1,18.5,12,20.39
3/6/2015 16:20,16.2,293,21,0,1016.1,1019.6,1019.7,0,76.6,8,94,18.8,17.3,17.1,18.5,13,20.5
3/6/2015 16:30,16.2,299,25,0,1016.1,1019.6,1019.7,0,76.9,8,119,18.9,17.4,17.1,18.5,15,20.46
3/6/2015 16:40,16.4,300,20,0,1016.1,1019.6,1019.7,0,77,7,90,18.9,17.4,17.1,18.5,12,20.64
3/6/2015 16:50,15.7,291,21,0,1016.3,1019.8,1019.9,0,74.3,7,67,18.9,17.4,17.1,18.5,13,20.5
3/6/2015 17:00,15.2,288,27,0,1016.4,1019.9,1020,0,73.8,8,32,18.9,17.4,17.1,18.5,11,20.09
3/6/2015 17:10,15.4,303,16,0,1016.5,1020,1020.1,0,76,6,33,18.9,17.5,17.1,18.5,10,19.76
3/6/2015 17:20,16,315,18,0,1016.5,1020,1020.1,0,79.8,5,27,18.9,17.5,17.1,18.5,9,19.63
3/6/2015 17:30,16.4,318,19,0,1016.5,1020,1020.1,0,81.8,6,22,18.9,17.5,17.2,18.5,10,19.66
3/6/2015 17:40,16.2,302,18,0,1016.5,1020,1020.1,0,81.9,7,16,18.9,17.5,17.2,18.5,10,19.42
3/6/2015 17:50,16.4,297,17,0,1016.6,1020.1,1020.2,0,84,6,23,18.9,17.6,17.2,18.5,8,19.18
3/6/2015 18:00,16.9,298,20,0,1016.7,1020.2,1020.3,0,89.2,6,16,18.9,17.6,17.2,18.5,9,18.73
3/6/2015 18:10,16.9,302,18,0,1016.8,1020.3,1020.4,0,90.1,6,23,18.9,17.6,17.2,18.5,9,18.59
3/6/2015 18:20,17,302,13,0,1016.9,1020.4,1020.5,0,91,6,12,18.9,17.6,17.2,18.5,9,18.52
3/6/2015 18:30,17.1,304,18,0,1017,1020.5,1020.6,0,90.8,6,15,18.9,17.6,17.2,18.5,9,18.68
3/6/2015 18:40,17.1,309,20,0,1017.2,1020.7,1020.8,0,91.6,6,10,18.8,17.6,17.3,18.5,14,18.59
3/6/2015 18:50,17.2,283,22,0,1017.3,1020.8,1020.9,0.5,95.1,7,7,18.8,17.6,17.3,18.5,15,18.04
3/6/2015 19:00,16.9,300,19,0,1017.4,1020.9,1021,0,96.5,5,14,18.8,17.7,17.3,18.5,9,17.52
3/6/2015 19:10,16.6,308,6,0,1017.4,1020.9,1021,0,97.1,4,17,18.7,17.7,17.3,18.5,6,17.13
3/6/2015 19:20,16.6,322,9,0,1017.3,1020.8,1020.9,0,97.5,4,14,18.7,17.7,17.3,18.5,6,17.05
3/6/2015 19:30,16.5,321,2,-0.1,1017.3,1020.8,1020.9,0,97.5,4,26,18.7,17.7,17.3,18.5,4,16.95
3/6/2015 19:40,16.3,328,4,0,1017.5,1021,1021.1,0,97.6,3,9,18.7,17.7,17.3,18.5,4,16.73
3/6/2015 19:50,16.1,333,1,0,1017.5,1021,1021.1,0,97.6,4,18,18.6,17.7,17.3,18.5,5,16.55
3/6/2015 20:00,16,333,2,0,1017.6,1021.1,1021.2,0,97.6,3,21,18.6,17.7,17.3,18.5,6,16.48
3/6/2015 20:10,16,335,3,0,1017.7,1021.2,1021.3,0,97.8,4,19,18.6,17.7,17.4,18.5,5,16.36
3/6/2015 20:20,16,342,5,0,1017.6,1021.1,1021.2,0,97.8,4,24,18.5,17.7,17.4,18.5,4,16.35
3/6/2015 20:30,15.9,354,1,0,1017.6,1021.1,1021.2,0,97.9,4,25,18.5,17.7,17.4,18.5,5,16.28
3/6/2015 20:40,15.9,359,1,0,1017.6,1021.1,1021.2,0,98,4,21,18.4,17.7,17.4,18.5,5,16.3
3/6/2015 20:50,16,358,2,0,1017.7,1021.2,1021.3,0,98,4,16,18.4,17.6,17.4,18.5,5,16.34
3/6/2015 21:00,16,357,2,0,1017.7,1021.2,1021.3,0,98.1,3,21,18.3,17.7,17.4,18.5,4,16.39
3/6/2015 21:10,16.1,0,1,0,1017.8,1021.3,1021.4,0,98.2,3,24,18.3,17.6,17.4,18.5,4,16.47
3/6/2015 21:20,16,356,3,-0.1,1017.9,1021.4,1021.5,0,98.2,4,25,18.2,17.6,17.4,18.5,5,16.34
3/6/2015 21:30,16,354,1,0,1017.9,1021.4,1021.5,0,98.2,4,25,18.2,17.6,17.4,18.5,4,16.3
3/6/2015 21:40,15.8,351,2,0,1018,1021.5,1021.6,0,98.3,3,21,18.1,17.6,17.4,18.5,4,16.12
3/6/2015 21:50,15.8,348,4,0,1018.1,1021.6,1021.7,0,98.3,4,23,18.1,17.6,17.5,18.5,4,16.14
3/6/2015 22:00,15.8,358,2,0,1018.1,1021.6,1021.7,0,98.3,4,17,18,17.6,17.4,18.5,5,16.15
3/6/2015 22:10,15.8,2,2,0,1018.2,1021.7,1021.8,0,98.4,4,17,18,17.6,17.5,18.5,5,16.11
3/6/2015 22:20,16,17,9,0,1018.2,1021.7,1021.8,0,98.4,4,12,17.9,17.5,17.5,18.5,5,16.29
3/6/2015 22:30,15.9,35,6,0,1018.2,1021.7,1021.8,0,98.4,4,12,17.9,17.5,17.5,18.5,5,16.18
3/6/2015 22:40,15.9,37,10,0,1018.1,1021.6,1021.7,0,98.4,5,18,17.8,17.5,17.5,18.5,6,16.16
3/6/2015 22:50,15.8,27,6,0,1018,1021.5,1021.6,0,98.4,5,6,17.8,17.5,17.5,18.5,6,16.14
3/6/2015 23:00,15.7,28,6,0,1018,1021.5,1021.6,0,98.4,5,26,17.8,17.5,17.5,18.5,6,15.98
3/6/2015 23:10,15.5,33,10,0,1017.9,1021.4,1021.5,0,98.3,5,15,17.7,17.4,17.5,18.5,7,15.82
3/6/2015 23:20,15.2,24,6,-0.1,1017.9,1021.4,1021.5,0,98.3,4,21,17.7,17.4,17.5,18.5,5,15.47
3/6/2015 23:30,15.1,35,4,0,1017.9,1021.4,1021.5,0,98.3,4,22,17.6,17.4,17.5,18.5,5,15.4
3/6/2015 23:40,15.1,35,5,0,1017.9,1021.4,1021.5,0,98.4,4,16,17.6,17.4,17.5,18.5,6,15.35
3/6/2015 23:50,15,34,9,0,1018,1021.5,1021.6,0,98.4,5,12,17.5,17.4,17.5,18.5,6,15.3
7/8/2015 0:00,10.6,104,0,0,1012.8,1016.3,1016.4,0,83,3,22,15.2,14.7,14.7,15.8,5,13.46
7/8/2015 0:10,10.8,106,1,0,1012.7,1016.2,1016.3,0,84.6,3,20,15.2,14.7,14.7,15.8,5,13.39
7/8/2015 0:20,10.8,95,10,0,1012.8,1016.4,1016.4,0,85.3,3,15,15.1,14.7,14.7,15.8,4,13.28
7/8/2015 0:30,11,37,14,0,1012.8,1016.4,1016.4,0,86.4,4,24,15.1,14.7,14.7,15.8,5,13.28
7/8/2015 0:40,11.1,44,10,0,1012.7,1016.3,1016.3,0,87.3,3,23,15.1,14.7,14.7,15.8,6,13.22
7/8/2015 0:50,11.2,34,11,0,1012.6,1016.2,1016.2,0,88.4,3,9,15.1,14.7,14.7,15.8,5,13.13
7/8/2015 1:00,11.3,32,9,0,1012.5,1016,1016.1,0,88.7,3,13,15,14.7,14.7,15.8,5,13.16
7/8/2015 1:10,11.2,28,13,0,1012.4,1015.9,1016,0,87.5,4,19,15,14.7,14.7,15.8,6,13.27
7/8/2015 1:20,11.3,46,32,-0.1,1012.3,1015.8,1015.9,0,89,4,15,15,14.7,14.7,15.8,6,13.16
7/8/2015 1:30,11.3,70,16,0,1012.1,1015.6,1015.7,0,88.4,4,23,14.9,14.7,14.7,15.8,6,13.23
7/8/2015 1:40,11.3,81,6,0,1012,1015.5,1015.6,0,89.6,5,19,14.9,14.6,14.7,15.8,6,13.05
7/8/2015 1:50,11.4,82,8,0,1011.8,1015.3,1015.4,0,90.4,4,17,14.9,14.6,14.7,15.8,6,12.96
7/8/2015 2:00,11.2,72,13,0,1011.8,1015.3,1015.4,0,88.9,5,14,14.9,14.6,14.7,15.8,6,13.08
7/8/2015 2:10,10.8,70,15,0,1011.8,1015.3,1015.4,0,84.1,5,13,14.8,14.6,14.7,15.8,8,13.46
7/8/2015 2:20,10.4,54,19,0,1011.7,1015.2,1015.3,0,81.8,5,16,14.8,14.6,14.8,15.8,7,13.51
7/8/2015 2:30,10.2,51,19,0,1011.7,1015.2,1015.3,0,80.2,4,31,14.8,14.6,14.7,15.8,6,13.59
7/8/2015 2:40,10,46,16,0,1011.7,1015.2,1015.3,0,78.9,5,25,14.8,14.6,14.8,15.8,6,13.68
7/8/2015 2:50,10,7,12,0,1011.8,1015.3,1015.4,0,79.6,3,17,14.8,14.6,14.7,15.8,5,13.55
7/8/2015 3:00,10.2,0,5,0,1011.9,1015.4,1015.5,0,80.8,4,24,14.7,14.6,14.8,15.8,5,13.43
7/8/2015 3:10,10.2,4,4,0,1011.8,1015.3,1015.4,0,81.5,4,19,14.7,14.6,14.7,15.8,5,13.34
7/8/2015 3:20,10.3,30,18,0,1011.8,1015.3,1015.4,0,81.1,5,21,14.7,14.5,14.8,15.8,8,13.49
7/8/2015 3:30,10.5,13,9,0,1011.8,1015.3,1015.4,0,83.7,4,23,14.7,14.5,14.8,15.8,6,13.21
7/8/2015 3:40,10.7,28,13,0,1011.8,1015.3,1015.4,0.2,85.3,5,18,14.6,14.5,14.7,16,7,13.12
7/8/2015 3:50,10.7,46,15,0,1011.7,1015.2,1015.3,0,85.1,6,9,14.6,14.5,14.8,15.9,9,13.17
7/8/2015 4:00,10.7,46,15,0,1011.6,1015.1,1015.2,0,84.4,5,27,14.6,14.5,14.7,15.8,8,13.28
7/8/2015 4:10,10.7,60,14,-0.1,1011.5,1015,1015.1,0,85,5,24,14.6,14.5,14.8,15.8,8,13.23
7/8/2015 4:20,10.8,52,18,0,1011.4,1014.9,1015,0,85.7,5,12,14.5,14.5,14.8,15.8,9,13.22
7/8/2015 4:30,10.9,35,15,0,1011.5,1015,1015.1,0,86.5,6,10,14.5,14.4,14.8,15.8,9,13.17
7/8/2015 4:40,11,36,15,0,1011.5,1015,1015.1,0,86.8,6,22,14.5,14.4,14.8,15.9,8,13.17
7/8/2015 4:50,11,38,18,0,1011.5,1015,1015.1,0,86.6,5,12,14.5,14.4,14.7,15.9,8,13.2
7/8/2015 5:00,10.9,40,16,0,1011.4,1014.9,1015,0,86.2,6,15,14.5,14.4,14.7,15.8,8,13.22
7/8/2015 5:10,10.9,38,16,0,1011.4,1014.9,1015,0,85.9,6,16,14.4,14.4,14.8,15.8,8,13.22
7/8/2015 5:20,10.9,28,13,0,1011.4,1014.9,1015,0,86.6,5,23,14.4,14.4,14.8,15.8,8,13.12
7/8/2015 5:30,10.9,23,12,0,1011.4,1014.9,1015,0,86.7,6,22,14.4,14.4,14.7,15.8,9,13.13
7/8/2015 5:40,11,27,14,0,1011.4,1014.9,1015,0,87.2,6,18,14.4,14.4,14.7,15.8,9,13.09
7/8/2015 5:50,11,30,17,0,1011.4,1014.9,1015,0,87.6,5,20,14.4,14.3,14.7,15.8,9,13.04
7/8/2015 6:00,11.1,36,15,0,1011.3,1014.8,1014.9,0,88.4,5,7,14.4,14.4,14.7,15.8,8,12.98
7/8/2015 6:10,11.2,33,15,0,1011.3,1014.8,1014.9,0,89.1,5,17,14.3,14.3,14.7,15.8,7,12.97
7/8/2015 6:20,11.2,51,18,0,1011.2,1014.7,1014.8,0,89.5,5,11,14.3,14.3,14.7,15.8,8,12.99
7/8/2015 6:30,11.3,63,16,0,1011.1,1014.6,1014.7,0,89.2,6,19,14.3,14.3,14.7,15.8,9,13.05
7/8/2015 6:40,11.2,59,20,0,1011,1014.5,1014.6,0,89.2,6,22,14.3,14.3,14.7,15.8,8,13.03
7/8/2015 6:50,11.3,68,12,0,1011,1014.5,1014.6,0,90.4,5,17,14.3,14.3,14.7,15.8,8,12.88
7/8/2015 7:00,11.4,58,23,-0.1,1011,1014.5,1014.6,0,91.2,3,5,14.3,14.3,14.7,15.8,6,12.82
7/8/2015 7:10,11.6,54,26,0,1011,1014.5,1014.6,0,92.7,4,18,14.2,14.3,14.7,15.9,8,12.78
7/8/2015 7:20,11.7,37,14,0,1011.1,1014.6,1014.7,0,93.2,5,26,14.2,14.3,14.7,15.8,8,12.83
7/8/2015 7:30,11.8,34,15,0,1011.1,1014.6,1014.7,0,93.6,5,33,14.2,14.2,14.7,15.8,7,12.86
7/8/2015 7:40,11.9,33,14,0,1011.2,1014.7,1014.8,0,93.9,5,33,14.2,14.2,14.7,15.8,8,12.95
7/8/2015 7:50,12.1,41,14,0,1011.2,1014.7,1014.8,0,94.3,6,40,14.2,14.2,14.7,15.8,8,13.08
7/8/2015 8:00,12.3,38,17,0,1011.2,1014.7,1014.8,0,94.5,6,70,14.2,14.2,14.7,15.8,9,13.18
7/8/2015 8:10,12.3,33,12,0,1011.2,1014.7,1014.8,0,94.5,5,78,14.2,14.2,14.7,15.8,8,13.25
7/8/2015 8:20,12.5,26,18,0,1011.3,1014.8,1014.9,0,94.8,4,65,14.1,14.2,14.7,15.8,6,13.35
7/8/2015 8:30,12.6,30,17,0,1011.4,1014.9,1015,0,94.9,5,70,14.1,14.2,14.7,15.8,7,13.46
7/8/2015 8:40,12.6,27,19,0,1011.4,1014.9,1015,0,94.4,5,54,14.1,14.2,14.7,15.8,8,13.58
7/8/2015 8:50,12.7,20,15,0,1011.4,1014.9,1015,0,94.5,5,36,14.1,14.2,14.7,15.8,7,13.6
7/8/2015 9:00,12.7,22,8,0,1011.4,1014.9,1015,0,94.2,5,48,14.1,14.2,14.7,16.1,8,13.63
7/8/2015 9:10,12.7,22,15,0,1011.4,1014.9,1015,0,93.6,6,102,14.1,14.2,14.7,16.4,9,13.73
7/8/2015 9:20,13,26,17,0,1011.4,1014.9,1015,0,93.9,6,172,14.1,14.1,14.7,15.8,9,13.97
7/8/2015 9:30,13,20,14,0,1011.4,1014.9,1015,0,93.7,6,153,14.1,14.1,14.7,15.8,9,14.05
7/8/2015 9:40,13.2,22,21,0,1011.5,1015,1015.1,0,93.4,6,208,14.1,14.1,14.7,15.8,9,14.26
7/8/2015 9:50,13.5,26,18,0,1011.5,1015,1015.1,0,93.3,7,197,14.1,14.1,14.7,15.8,10,14.59
7/8/2015 10:00,13.3,15,17,0,1011.5,1015,1015.1,0,91.7,6,183,14.1,14.1,14.7,15.8,11,14.65
7/8/2015 10:10,13.5,19,20,0.1,1011.6,1015.1,1015.2,0,91.7,6,275,14.1,14.1,14.7,15.8,10,14.89
7/8/2015 10:20,13.7,3,18,0,1011.6,1015.1,1015.2,0,90.5,5,341,14.2,14.1,14.7,15.8,9,15.26
7/8/2015 10:30,13.9,5,22,0,1011.5,1015,1015.1,0,88.8,5,372,14.2,14.1,14.6,15.8,10,15.81
7/8/2015 10:40,13.7,7,19,0.1,1011.5,1015,1015.1,0,85.9,6,327,14.2,14.1,14.7,15.9,9,16.08
7/8/2015 10:50,13.4,354,22,0,1011.5,1015,1015.1,0,83.7,6,345,14.2,14.1,14.6,15.8,9,16.19
7/8/2015 11:00,13.6,28,18,0,1011.5,1015,1015.1,0,82.5,5,390,14.3,14.1,14.6,15.8,8,16.61
7/8/2015 11:10,13.1,30,22,0.1,1011.5,1015,1015.1,0,80.3,6,320,14.3,14.1,14.6,15.9,8,16.57
7/8/2015 11:20,13,3,21,0,1011.5,1015,1015.1,0,80,5,308,14.4,14.1,14.6,15.8,8,16.46
7/8/2015 11:30,13.2,28,19,0,1011.4,1014.9,1015,0,79,6,415,14.5,14.1,14.6,15.8,9,16.85
7/8/2015 11:40,13.1,19,17,0.1,1011.3,1014.8,1014.9,0,80,6,217,14.6,14.1,14.6,15.8,9,16.59
7/8/2015 11:50,13.3,17,20,0,1011.2,1014.7,1014.8,0,84.4,6,214,14.6,14.1,14.6,15.8,8,15.96
7/8/2015 12:00,13.8,19,22,0,1011,1014.5,1014.6,0.3,88.6,5,241,14.7,14.1,14.6,15.8,7,15.74
7/8/2015 12:10,13.6,0,12,0,1010.9,1014.4,1014.5,0.2,89.5,5,227,14.8,14.2,14.6,15.8,7,15.35
7/8/2015 12:20,14.5,7,11,0.1,1010.6,1014.1,1014.2,0,93.8,4,226,14.9,14.2,14.6,15.8,5,15.52
7/8/2015 12:30,14.8,359,6,0,1010.5,1014,1014.1,0,95.2,4,261,15,14.2,14.6,15.8,5,15.59
7/8/2015 12:40,14.9,0,6,0,1010.4,1013.9,1014,0,95.4,4,194,15.1,14.2,14.6,15.8,6,15.68
7/8/2015 12:50,14.7,351,9,0,1010.2,1013.7,1013.8,0,94.8,4,183,15.2,14.2,14.6,15.8,7,15.53
7/8/2015 13:00,14.5,348,14,0,1010.1,1013.6,1013.7,0.3,94.5,5,152,15.2,14.3,14.6,15.8,8,15.43
7/8/2015 13:10,14.8,0,21,0,1009.9,1013.4,1013.5,0,95.7,4,204,15.3,14.3,14.6,15.8,6,15.49
7/8/2015 13:20,15.1,331,11,0,1009.8,1013.3,1013.4,0,96.5,4,221,15.4,14.3,14.6,15.9,6,15.68
7/8/2015 13:30,15.9,334,21,0.1,1009.7,1013.2,1013.3,0,96.6,4,485,15.4,14.4,14.6,16,7,16.5
7/8/2015 13:40,14.7,342,18,0,1009.7,1013.2,1013.3,0,90.2,6,355,15.5,14.4,14.6,15.9,9,16.38
7/8/2015 13:50,15,332,19,0.1,1009.8,1013.3,1013.4,0,87.2,6,644,15.5,14.4,14.6,15.8,8,17.17
7/8/2015 14:00,14.7,344,25,0,1009.8,1013.3,1013.4,0,85.9,6,508,15.6,14.4,14.6,15.8,8,17.15
7/8/2015 14:10,15.1,333,18,0.1,1009.9,1013.4,1013.5,0,82.2,5,474,15.6,14.5,14.6,15.8,8,18.24
7/8/2015 14:20,14.8,326,29,0,1010,1013.5,1013.6,0,79,5,336,15.7,14.5,14.6,15.8,8,18.5
7/8/2015 14:30,13.8,323,16,0.1,1010.1,1013.6,1013.7,0,78.7,5,186,15.7,14.5,14.6,15.9,8,17.56
7/8/2015 14:40,15.1,334,21,0,1010,1013.5,1013.6,0,83,5,467,15.8,14.6,14.7,15.8,8,18.1
7/8/2015 14:50,14.5,321,20,0.1,1010,1013.5,1013.6,0,80.3,6,373,15.9,14.6,14.6,15.9,8,17.97
7/8/2015 15:00,13.9,325,22,0,1009.9,1013.4,1013.5,0,79.3,6,152,16,14.6,14.6,15.8,8,17.56
7/8/2015 15:10,14.6,303,22,0,1009.8,1013.3,1013.4,0,81.8,5,210,16.1,14.7,14.7,15.8,8,17.84
7/8/2015 15:20,13.8,315,17,0,1009.8,1013.3,1013.4,0,78.8,5,152,16.2,14.7,14.7,15.9,9,17.54
7/8/2015 15:30,13.9,302,19,0,1009.8,1013.3,1013.4,0,80.8,5,145,16.3,14.7,14.7,15.8,8,17.26
7/8/2015 15:40,14.3,320,19,0,1009.7,1013.2,1013.3,0,82.3,4,141,16.3,14.8,14.7,15.8,7,17.41
7/8/2015 15:50,14.3,310,16,0.1,1009.7,1013.2,1013.3,0,81.7,5,136,16.4,14.8,14.7,15.8,7,17.51
7/8/2015 16:00,13.8,305,15,0,1009.7,1013.2,1013.3,0,80.6,5,136,16.5,14.8,14.7,15.9,7,17.2
7/8/2015 16:10,14.4,292,23,0,1009.7,1013.2,1013.3,0,82.2,5,334,16.5,14.9,14.7,15.8,8,17.51
7/8/2015 16:20,14,302,18,0,1009.7,1013.2,1013.3,0,79.7,5,265,16.6,14.9,14.7,15.8,7,17.59
7/8/2015 16:30,14.1,307,24,0,1009.8,1013.3,1013.4,0,78.4,4,237,16.6,15,14.7,15.8,7,18
7/8/2015 16:40,13.6,278,20,0,1009.9,1013.4,1013.5,0,77.8,4,163,16.6,15,14.7,15.9,8,17.6
7/8/2015 16:50,13.7,307,13,0.1,1009.9,1013.4,1013.5,0,77.7,4,85,16.7,15,14.8,15.9,6,17.71
7/8/2015 17:00,13.4,290,20,0,1010,1013.5,1013.6,0,78.1,4,43,16.7,15.1,14.8,15.9,7,17.28
7/8/2015 17:10,13.4,284,17,0,1010,1013.5,1013.6,0,78.8,4,51,16.7,15.1,14.8,15.9,6,17.13
7/8/2015 17:20,13.2,291,16,0,1010,1013.5,1013.6,0,79.8,4,38,16.7,15.1,14.8,15.8,7,16.8
7/8/2015 17:30,13,299,5,0,1010,1013.5,1013.6,0,81.8,4,28,16.7,15.2,14.8,15.9,6,16.17
7/8/2015 17:40,13.2,292,10,0,1009.8,1013.3,1013.4,0,83.7,4,25,16.7,15.2,14.8,15.9,6,16
7/8/2015 17:50,13.1,294,2,-0.1,1009.7,1013.2,1013.3,0,84.7,3,17,16.7,15.2,14.8,15.8,4,15.67
7/8/2015 18:00,13.1,301,4,0,1009.7,1013.2,1013.3,0,86.4,3,24,16.6,15.2,14.8,15.8,4,15.38
7/8/2015 18:10,13.3,309,3,0,1009.7,1013.2,1013.3,0,88.6,3,19,16.6,15.3,14.8,15.8,4,15.24
7/8/2015 18:20,13.6,283,25,0,1009.8,1013.3,1013.4,0,91.2,3,14,16.6,15.3,14.9,15.8,5,15.07
7/8/2015 18:30,13.6,260,0,0,1009.9,1013.4,1013.5,0,91.4,2,18,16.5,15.3,14.9,15.8,4,14.99
7/8/2015 18:40,13.5,260,0,0,1009.8,1013.3,1013.4,0,91.9,0,15,16.5,15.3,14.9,15.8,0,14.86
7/8/2015 18:50,13.5,260,0,0,1009.9,1013.4,1013.5,0,92.4,0,16,16.4,15.3,14.9,15.9,0,14.72
7/8/2015 19:00,13.3,261,0,0,1010.1,1013.6,1013.7,0,92.7,0,22,16.3,15.3,14.9,15.8,0,14.53
7/8/2015 19:10,13.5,261,7,0,1010.1,1013.6,1013.7,0,93.8,0,20,16.3,15.3,14.9,15.8,0,14.5
7/8/2015 19:20,13.6,261,6,0,1010.3,1013.8,1013.9,0,94.8,0,17,16.2,15.3,14.9,15.9,0,14.52
7/8/2015 19:30,13.7,261,0,0,1010.5,1014,1014.1,0,95.5,0,14,16.2,15.3,14.9,15.9,0,14.5
7/8/2015 19:40,13.6,261,0,0,1010.6,1014.1,1014.2,0,96.2,0,9,16.1,15.3,15,15.8,0,14.3
7/8/2015 19:50,13.7,261,0,0,1010.7,1014.2,1014.3,0,96.6,0,25,16,15.3,15,15.8,0,14.25
7/8/2015 20:00,13.6,261,0,-0.1,1010.8,1014.3,1014.4,0,96.4,0,16,16,15.3,15,15.9,0,14.19
7/8/2015 20:10,13.3,261,0,0,1010.8,1014.3,1014.4,0,95.8,0,16,16,15.3,15,15.8,0,13.97
7/8/2015 20:20,13,261,0,0,1010.9,1014.4,1014.5,0,95.8,0,22,15.9,15.3,15,16.1,0,13.74
7/8/2015 20:30,13.1,262,0,0,1011,1014.5,1014.6,0,96.9,0,21,15.8,15.3,15,15.8,0,13.62
7/8/2015 20:40,12.8,262,0,0,1011,1014.5,1014.6,0,97,0,13,15.8,15.3,15,15.8,0,13.32
7/8/2015 20:50,12.7,262,0,0,1010.9,1014.4,1014.5,0,97.4,0,14,15.8,15.2,15,15.9,0,13.11
7/8/2015 21:00,12.6,262,0,0,1010.9,1014.4,1014.5,0,97.5,0,12,15.7,15.2,15,15.8,0,13.04
7/8/2015 21:10,12.5,262,0,0,1010.8,1014.3,1014.4,0,97.6,0,15,15.7,15.2,15,15.9,0,12.94
7/8/2015 21:20,12.4,262,0,0,1010.7,1014.2,1014.3,0,97.6,0,23,15.6,15.2,15,15.8,0,12.78
7/8/2015 21:30,12.2,262,0,0,1010.6,1014.1,1014.2,0,97.6,0,16,15.6,15.2,15.1,15.9,0,12.6
7/8/2015 21:40,12.1,262,0,0,1010.7,1014.2,1014.3,0,97.7,1,13,15.5,15.2,15.1,15.9,3,12.55
7/8/2015 21:50,12.1,262,0,-0.1,1010.7,1014.3,1014.3,0,97.7,3,18,15.4,15.1,15.1,15.9,3,12.49
7/8/2015 22:00,12.1,262,0,0,1010.7,1014.3,1014.3,0,97.8,3,22,15.4,15.2,15.1,15.9,3,12.44
7/8/2015 22:10,12.2,262,0,0,1010.7,1014.2,1014.3,0,97.8,3,14,15.3,15.1,15.1,15.9,3,12.55
7/8/2015 22:20,12.2,264,8,0,1010.7,1014.2,1014.3,0,97.9,2,17,15.3,15.1,15.1,15.9,8,12.6
7/8/2015 22:30,12.4,263,16,0,1010.8,1014.3,1014.4,0,97.9,5,22,15.2,15.1,15.1,15.8,7,12.8
7/8/2015 22:40,12.4,250,7,0,1010.8,1014.3,1014.4,0,97.8,4,20,15.1,15.1,15.1,15.9,5,12.77
7/8/2015 22:50,12.3,253,3,0,1010.7,1014.2,1014.3,0,97.7,3,17,15.1,15,15.1,15.9,5,12.72
7/8/2015 23:00,12.3,250,0,0,1010.6,1014.1,1014.2,0,97.6,3,27,15,15,15.1,15.9,4,12.7
7/8/2015 23:10,12,252,0,0,1010.5,1014.1,1014.1,0,97.5,2,23,15,15,15.1,15.9,4,12.45
7/8/2015 23:20,11.7,253,0,0,1010.4,1014,1014,0,97.4,0,24,14.9,15,15.1,15.9,0,12.14
7/8/2015 23:30,11.7,271,21,0,1010.4,1014,1014,0,97.5,0,7,14.9,14.9,15.1,15.9,4,12.13
7/8/2015 23:40,11.8,296,0,-0.1,1010.3,1013.9,1013.9,0,97.6,0,20,14.8,14.9,15.1,15.9,0,12.25
7/8/2015 23:50,11.8,296,0,0,1010.3,1013.9,1013.9,0,97.7,2,21,14.8,14.9,15.1,15.9,4,12.25
1/9/2015 17:50,4.4,184,17,0,1019.3,1022.9,1022.9,0,58.1,5,25,17,15.6,15.3,16.6,8,12.44
1/9/2015 18:00,4.5,188,17,0,1019.4,1023,1023,0,59.1,6,25,16.9,15.6,15.3,16.6,9,12.28
1/9/2015 18:10,4.5,184,16,0,1019.5,1023.1,1023.1,0,60.2,5,19,16.8,15.6,15.3,16.5,8,11.99
1/9/2015 18:20,4.6,176,11,0,1019.5,1023.1,1023.1,0,62.2,4,28,16.7,15.6,15.3,16.6,6,11.63
1/9/2015 18:30,4.7,173,12,0,1019.6,1023.2,1023.2,0,63.6,4,24,16.6,15.7,15.3,16.5,7,11.43
1/9/2015 18:40,4.8,173,6,0,1019.6,1023.2,1023.2,0,65.1,4,14,16.6,15.7,15.4,16.5,5,11.12
1/9/2015 18:50,5,172,9,0,1019.7,1023.3,1023.3,0,67.1,4,13,16.4,15.7,15.4,16.6,5,10.88
1/9/2015 19:00,5.2,171,9,0,1019.8,1023.4,1023.4,0,68.1,4,11,16.4,15.7,15.4,16.5,5,10.9
1/9/2015 19:10,5.4,164,5,0,1019.9,1023.5,1023.5,0,69.8,4,17,16.3,15.7,15.4,16.5,5,10.76
1/9/2015 19:20,5.5,163,7,0,1020.1,1023.7,1023.7,0,71.7,4,12,16.2,15.7,15.4,16.5,6,10.48
1/9/2015 19:30,5.9,163,7,-0.1,1020.2,1023.8,1023.8,0,72.9,4,26,16.1,15.6,15.4,16.5,6,10.56
1/9/2015 19:40,5.9,164,8,0,1020.4,1024,1024,0,73.4,5,19,15.9,15.6,15.4,16.5,6,10.49
1/9/2015 19:50,5.9,161,2,0,1020.7,1024.3,1024.3,0,75.1,4,18,15.9,15.6,15.5,16.5,5,10.16
1/9/2015 20:00,5.7,172,1,0,1020.9,1024.5,1024.5,0,76.8,3,9,15.7,15.6,15.4,16.5,4,9.64
1/9/2015 20:10,5.8,175,0,0,1021.1,1024.7,1024.7,0,79.1,3,28,15.6,15.6,15.5,16.5,4,9.26
1/9/2015 20:20,5.9,177,0,0,1021.2,1024.8,1024.8,0,81.4,3,20,15.5,15.5,15.5,16.5,4,8.97
1/9/2015 20:30,6,178,1,0,1021.3,1024.9,1024.9,0,83.3,3,14,15.4,15.5,15.5,16.5,4,8.68
1/9/2015 20:40,6,173,3,0,1021.4,1025.1,1025,0,84.9,3,22,15.3,15.5,15.5,16.5,4,8.45
5/12/2015 10:00,10.2,243,42,0,1009.2,1012.7,1012.8,0,79.4,8,62,23.1,24.3,25.7,24.9,23,13.71
5/12/2015 10:10,9.8,273,35,0,1008.9,1012.4,1012.5,0,80.6,10,64,23.2,24.2,25.7,24.9,19,13.12
5/12/2015 10:20,11.1,279,25,0,1008.7,1012.2,1012.3,0.2,88.9,10,110,23.2,24.2,25.6,24.9,17,12.93
5/12/2015 10:30,11.6,276,26,0,1008.7,1012.2,1012.3,0.3,92.5,9,147,23.2,24.2,25.6,24.9,16,12.79
5/12/2015 10:40,12,276,25,0.1,1008.6,1012.1,1012.2,0.2,93.9,8,172,23.3,24.2,25.6,24.9,17,12.97
5/12/2015 10:50,12.6,275,22,0,1008.4,1011.9,1012,0,94.5,7,234,23.3,24.1,25.6,24.9,10,13.47
5/12/2015 11:00,12.6,267,20,0,1008.4,1011.9,1012,0,92.3,7,286,23.4,24.1,25.5,24.9,10,13.86
5/12/2015 11:10,13,274,19,0,1008.3,1011.8,1011.9,0,91,5,441,23.4,24.1,25.5,24.9,9,14.49
5/12/2015 11:20,12.6,258,23,0.1,1008.3,1011.8,1011.9,0,82.4,6,596,23.4,24.1,25.5,24.9,11,15.68
5/12/2015 11:30,12.3,259,25,0.1,1008.2,1011.7,1011.8,0,75.5,6,770,23.4,24.1,25.5,24.9,12,16.69
5/12/2015 11:40,10.5,255,27,0.1,1008.1,1011.6,1011.7,0,65.1,9,595,23.4,24.1,25.5,24.9,14,17.13
5/12/2015 11:50,10.6,252,32,0,1008.1,1011.6,1011.7,0,66.2,6,457,23.4,24.1,25.4,24.9,11,17.04
5/12/2015 12:00,9.5,220,32,0.1,1008.2,1011.7,1011.8,0,61,6,540,23.4,24,25.4,24.9,8,17.16
5/12/2015 12:10,9.7,214,33,0.1,1008.3,1011.8,1011.9,0,58,5,914,23.5,24,25.4,24.9,8,18.12
5/12/2015 12:20,8.9,238,36,0.1,1008.2,1011.7,1011.8,0,54.7,5,402,23.4,24,25.4,24.9,9,18.18
5/12/2015 12:30,6.7,228,33,0.1,1008.1,1011.6,1011.7,0,47.7,5,262,23.4,24,25.4,24.9,10,17.98
5/12/2015 12:40,6.6,227,33,0,1008,1011.5,1011.6,0,49,6,297,23.4,24,25.4,24.9,11,17.43
5/12/2015 12:50,7.7,175,40,0,1007.9,1011.4,1011.5,0,54.2,6,297,23.5,24,25.3,24.9,11,17.08
5/12/2015 13:00,6.4,172,25,0.1,1007.9,1011.4,1011.5,0,53.6,7,198,23.5,24,25.3,24.9,11,15.87
5/12/2015 13:10,9.6,171,21,0,1008.1,1011.6,1011.7,0,72.1,8,137,23.5,24,25.3,24.9,13,14.6
13/11/2015 4:40,4.4,109,18,0,1013.4,1016.9,1017,0,34.2,7,18,25.5,25.2,24.7,23,11,20.76
13/11/2015 4:50,4.4,113,21,0.1,1013.3,1016.8,1016.9,0,34.2,8,7,25.5,25.2,24.7,23,15,20.81
13/11/2015 5:00,4.6,116,19,0,1013.4,1016.9,1017,0,34.8,7,28,25.4,25.2,24.8,23,11,20.68
13/11/2015 5:10,4.7,117,22,0,1013.4,1016.9,1017,0,35.2,8,28,25.4,25.1,24.7,23.1,12,20.64
13/11/2015 5:20,4.6,112,18,0,1013.5,1017,1017.1,0,35.6,7,34,25.4,25.1,24.7,23,10,20.41
13/11/2015 5:30,4.7,118,17,0,1013.4,1016.9,1017,0,35.6,7,38,25.3,25.1,24.7,23.1,11,20.44
13/11/2015 5:40,4.7,117,20,0,1013.3,1016.8,1016.9,0,35.7,8,65,25.3,25,24.7,23.1,15,20.47
13/11/2015 5:50,4.7,117,19,0.1,1013.3,1016.8,1016.9,0,35.5,7,85,25.2,25,24.7,23.1,15,20.54
13/11/2015 6:00,4.9,105,20,0,1013.6,1017.1,1017.2,0,35.7,8,165,25.2,25,24.7,23,12,20.64
13/11/2015 6:10,4.6,107,20,0,1013.7,1017.2,1017.3,0,34.4,9,77,25.1,24.9,24.7,23.1,15,20.94
13/11/2015 6:20,4.7,106,16,0,1013.8,1017.3,1017.4,0,34.6,7,118,25.1,24.9,24.7,23.1,11,20.95
13/11/2015 6:30,4.5,112,19,0.1,1014,1017.5,1017.6,0,33.6,6,261,25,24.9,24.7,23.1,10,21.2
13/11/2015 6:40,4.6,108,17,0,1014.1,1017.6,1017.7,0,32.6,6,162,25,24.8,24.7,23.1,10,21.76
13/11/2015 6:50,4.3,108,15,0.1,1014.1,1017.6,1017.7,0,31.2,7,336,24.9,24.8,24.6,23.1,11,22.11
13/11/2015 7:00,3.9,108,15,0.1,1014.1,1017.6,1017.7,0,29.6,7,390,24.9,24.8,24.6,23.1,11,22.55
13/11/2015 7:10,5.3,103,15,0,1014.1,1017.5,1017.7,0,31.8,8,424,24.9,24.8,24.6,23.1,14,23.05
13/11/2015 7:20,4,100,18,0.1,1014.2,1017.6,1017.8,0,28.4,8,484,24.8,24.7,24.6,23.1,12,23.38
13/11/2015 7:30,4.4,100,19,0.1,1014.3,1017.7,1017.9,0,28.1,8,553,24.8,24.7,24.6,23.1,12,24.04
13/11/2015 7:40,4.6,110,18,0.1,1014.4,1017.8,1018,0,28.2,8,569,24.7,24.7,24.6,23.1,12,24.2
13/11/2015 7:50,5.2,98,24,0.1,1014.7,1018.1,1018.3,0,27.8,7,611,24.7,24.6,24.6,23.1,10,25.13
13/11/2015 8:00,4.6,82,21,0.1,1015,1018.4,1018.6,0,26.8,6,624,24.7,24.6,24.6,23.1,13,25.1
13/11/2015 8:10,4.9,66,16,0.1,1015,1018.4,1018.6,0,26.9,9,676,24.7,24.6,24.6,23.1,12,25.39
13/11/2015 8:20,5.4,70,18,0.2,1015.1,1018.5,1018.7,0,27.5,9,703,24.7,24.6,24.6,23.1,14,25.56
13/11/2015 8:30,5.3,80,23,0.1,1015,1018.4,1018.6,0,26.5,8,738,24.7,24.5,24.5,23.1,12,26.04
12/5/2015 10:10,8.8,96,22,0.1,1026.6,1030.1,1030.2,0,52.2,9,537,17.7,18.5,19.7,21.2,16,18.84
12/5/2015 10:20,8.5,90,17,0.1,1026.4,1029.9,1030,0,50.5,10,539,17.8,18.4,19.6,21.2,17,19.02
12/5/2015 10:30,8.3,89,20,0,1026.3,1029.8,1029.9,0,49.5,10,567,17.8,18.4,19.6,21.2,18,19.14
12/5/2015 10:40,8.3,89,14,0.1,1026.2,1029.7,1029.8,0,48.9,11,575,17.8,18.4,19.6,21.2,17,19.37
12/5/2015 10:50,8.3,92,17,0.1,1025.9,1029.4,1029.5,0,48,10,602,17.9,18.4,19.6,21.2,16,19.61
12/5/2015 11:00,8.2,78,18,0.1,1025.7,1029.2,1029.3,0,46.1,10,623,17.9,18.4,19.6,21.2,15,20.23
12/5/2015 11:10,8.2,71,19,0.1,1025.5,1029,1029.1,0,45.3,9,619,18,18.4,19.6,21.2,15,20.47
12/5/2015 11:20,8.1,82,19,0.1,1025.4,1028.9,1029,0,44.1,9,639,18,18.4,19.6,21.2,15,20.81
12/5/2015 11:30,7.9,77,22,0.1,1025.2,1028.7,1028.8,0,43.6,10,636,18.1,18.4,19.6,21.2,17,20.81
12/5/2015 11:40,7.3,71,18,0.1,1025.1,1028.6,1028.7,0,41.9,10,663,18.2,18.4,19.6,21.2,16,20.7
12/5/2015 11:50,7.5,62,16,0.1,1024.9,1028.4,1028.5,0,41.5,10,656,18.2,18.4,19.6,21.2,14,21.08
12/5/2015 12:00,7.2,74,23,0.1,1024.7,1028.2,1028.3,0,40.2,10,653,18.3,18.4,19.6,21.2,15,21.36
12/5/2015 12:10,6.7,94,20,0.1,1024.5,1028,1028.1,0,39.8,10,658,18.4,18.4,19.6,21.2,14,20.97
12/5/2015 12:20,7.6,94,18,0.1,1024.3,1027.8,1027.9,0,41,9,666,18.5,18.4,19.6,21.2,13,21.4
12/5/2015 12:30,6.9,92,21,0.1,1024.1,1027.6,1027.7,0,39.3,9,673,18.6,18.4,19.6,21.2,15,21.4
12/5/2015 12:40,7.3,91,19,0.1,1023.9,1027.4,1027.5,0,37.7,9,661,18.7,18.4,19.5,21.2,13,22.44
12/5/2015 12:50,6.4,64,18,0.2,1023.8,1027.3,1027.4,0,36.2,9,660,18.8,18.5,19.5,21.2,15,22.11
12/5/2015 13:00,6.6,71,25,0.1,1023.6,1027.1,1027.2,0,36.4,8,627,18.9,18.5,19.5,21.2,11,22.3
12/5/2015 13:10,6.4,65,17,0.1,1023.6,1027.1,1027.2,0,35.5,8,630,19,18.5,19.5,21.2,11,22.44
12/5/2015 13:20,6.2,78,21,0.1,1023.4,1026.9,1027,0,34.4,7,618,19.1,18.5,19.5,21.2,12,22.71
12/5/2015 13:30,6,94,22,0.1,1023.2,1026.7,1026.8,0,33.5,9,632,19.2,18.6,19.5,21.2,12,22.94
12/5/2015 13:40,6.2,106,18,0.1,1023,1026.5,1026.6,0,34.2,7,611,19.3,18.6,19.5,21.2,10,22.84
12/5/2015 13:50,6,86,14,0,1022.9,1026.4,1026.5,0,34.6,9,601,19.4,18.6,19.5,21.2,16,22.37
